DISTRITO,EDIFICIO,UBICACION,COORDENADA Y,COORDENADA X,TERMINALES,CONECTORES,POTENCIA,CODIGO
Arganzuela,A.G. Desarrollo Urbano Sostenible / OA Agencia de Actividades,C/ Bustamante 16,4472432.48,441594.53,1,Mennekes,7.3 KW  32 A mono,PRM-AG07-10a
Arganzuela,A.G. Desarrollo Urbano Sostenible / OA Agencia de Actividades,C/ Bustamante 16,4472432.48,441594.53,1,Mennekes,7.3 KW  32 A mono,PRM-AG07-10b
Arganzuela,A.G. Desarrollo Urbano Sostenible / OA Agencia de Actividades,C/ Bustamante 16,4472432.48,441594.53,1,Mennekes,7.3 KW  32 A mono,PRM-AG07-10c
Arganzuela,A.G. Desarrollo Urbano Sostenible / OA Agencia de Actividades,C/ Bustamante 16,4472432.48,441594.53,1,Mennekes,7.3 KW  32 A mono,PRM-AG07-10d
Arganzuela,A.G. Desarrollo Urbano Sostenible / OA Agencia de Actividades,C/ Bustamante 16,4472432.48,441594.53,1,Mennekes,7.3 KW  32 A mono,PRM-AG07-10e
Arganzuela,A.G. Medio Ambiente y Movilidad /,C/ Bustamante 16,4472432.48,441594.53,2,Mennekes,7.3 KW  32 A mono,PRM-AG08-04a
Arganzuela,A.G. Medio Ambiente y Movilidad /,C/ Bustamante 16,4472432.48,441594.53,2,Mennekes,7.3 KW  32 A mono,PRM-AG08-04b
Arganzuela,A.G. Medio Ambiente y Movilidad /,C/ Bustamante 16,4472432.48,441594.53,2,Mennekes,7.3 KW  32 A mono,PRM-AG08-04c
Arganzuela,A.G. Medio Ambiente y Movilidad /,C/ Bustamante 16,4472432.48,441594.53,2,Mennekes,7.3 KW  32 A mono,PRM-AG08-04d
Arganzuela,A.G. Medio Ambiente y Movilidad /,C/ Bustamante 16,4472432.48,441594.53,2,Mennekes,7.3 KW  32 A mono,PRM-AG08-04e
Arganzuela,A.G. Medio Ambiente y Movilidad /,C/ Bustamante 16,4472432.48,441594.53,2,Mennekes,7.3 KW  32 A mono,PRM-AG08-04f
Arganzuela,A.G. Medio Ambiente y Movilidad /,C/ Bustamante 16,4472432.48,441594.53,2,Mennekes,7.3 KW  32 A mono,PRM-AG08-04g
Arganzuela,A.G. Medio Ambiente y Movilidad /,C/ Bustamante 16,4472432.48,441594.53,2,Mennekes,7.3 KW  32 A mono,PRM-AG08-04h
Arganzuela,A.G. Medio Ambiente y Movilidad /,C/ Bustamante 16,4472432.48,441594.53,2,Mennekes,7.3 KW  32 A mono,PRM-AG08-04i
Arganzuela,A.G. Medio Ambiente y Movilidad /,C/ Bustamante 16,4472432.48,441594.53,2,Mennekes,7.3 KW  32 A mono,PRM-AG08-05
Arganzuela,A.G. Medio Ambiente y Movilidad /,C/ Bustamante 16,4472432.48,441594.53,1,Mennekes,32 A trifásico 22 Kw,PRM-AG08-04j
Arganzuela,A.G. Medio Ambiente y Movilidad / Aparcamientos,C/ Bustamante 16,4472432.48,441594.53,1,Mennekes,7.3 KW  32 A mono,PRM-AG08-02b
Arganzuela,A.G. Medio Ambiente y Movilidad / Calidad del aire,C/ Bustamante 16,4472432.48,441594.53,1,Mennekes,7.3 KW  32 A mono,PRM-AG08-02a
Arganzuela,A.G. Medio Ambiente y Movilidad / Control de Calidad,C/ Bustamante 16,4472432.48,441594.53,1,Mennekes,7.3 KW  32 A mono,PRM-AG08-03a
Arganzuela,A.G. Medio Ambiente y Movilidad / Control de Calidad,C/ Bustamante 16,4472432.48,441594.53,1,Mennekes,7.3 KW  32 A mono,PRM-AG08-03b
Arganzuela,A.G. Medio Ambiente y Movilidad / Control de Calidad,C/ Bustamante 16,4472432.48,441594.53,1,Mennekes,7.3 KW  32 A mono,PRM-AG08-03c
Arganzuela,A.G. Medio Ambiente y Movilidad / Control de Calidad,C/ Bustamante 16,4472432.48,441594.53,1,Mennekes,7.3 KW  32 A mono,PRM-AG08-03d
Arganzuela,A.G. Medio Ambiente y Movilidad / Inspección,C/ Bustamante 16,4472432.48,441594.53,1,Mennekes,7.3 KW  32 A mono,PRM-AG08-01a
Arganzuela,A.G. Medio Ambiente y Movilidad / Inspección,C/ Bustamante 16,4472432.48,441594.53,1,Mennekes,7.3 KW  32 A mono,PRM-AG08-01b
Arganzuela,A.G. Medio Ambiente y Movilidad / Inspección,C/ Bustamante 16,4472432.48,441594.53,1,Mennekes,7.3 KW  32 A mono,PRM-AG08-01c
Arganzuela,A.G. Medio Ambiente y Movilidad / Inspección,C/ Bustamante 16,4472432.48,441594.53,1,Mennekes,7.3 KW  32 A mono,PRM-AG08-01d
Arganzuela,A.G. Medio Ambiente y Movilidad / Inspección,C/ Bustamante 16,4472432.48,441594.53,1,Mennekes,7.3 KW  32 A mono,PRM-AG08-01e
Arganzuela,A.G. Medio Ambiente y Movilidad / Agentes movilidad,Paseo Pontones 23,4473157.3,439442.4,1,Mennekes manguera,32 A monofásico,PRM-AG08-
Arganzuela,A.G. Medio Ambiente y Movilidad / Agentes movilidad,Paseo Pontones 23,4473157.3,439442.4,1,Mennekes manguera,32 A monofásico,PRM-AG08-
Arganzuela,A.G. Medio Ambiente y Movilidad / Agentes movilidad,Paseo Pontones 23,4473157.3,439442.4,1,Mennekes manguera,32 A monofásico,PRM-AG08-
Arganzuela,A.G. Medio Ambiente y Movilidad / Agentes movilidad,Paseo Pontones 23,4473157.3,439442.4,1,Mennekes manguera,32 A monofásico,PRM-AG08-
Arganzuela,A.G. Medio Ambiente y Movilidad / Agentes movilidad,Paseo Pontones 23,4473157.3,439442.4,1,Mennekes manguera,32 A monofásico,PRM-AG08-
Arganzuela,A.G. Medio Ambiente y Movilidad / Agentes movilidad,Paseo Pontones 23,4473157.3,439442.4,1,Mennekes manguera,32 A monofásico,PRM-AG08-
Arganzuela,A.G. Medio Ambiente y Movilidad / Agentes movilidad,Paseo Pontones 23,4473157.3,439442.4,1,Mennekes manguera,32 A monofásico,PRM-AG08-
Arganzuela,A.G. Medio Ambiente y Movilidad / Agentes movilidad,Paseo Pontones 23,4473157.3,439442.4,1,Mennekes manguera,32 A monofásico,PRM-AG08-
Arganzuela,A.G. Equidad. Derechos Sociales y Empleo . OA Agencia para el Empleo,Paseo Pontones 10,4473152.8,439377.1,1,Mennekes,3.7 KW Plug T2 monofásico,PRM-AG01-10a
Arganzuela,A.G. Equidad. Derechos Sociales y Empleo . OA Agencia para el Empleo,Paseo Pontones 10,4473152.8,439377.1,1,Mennekes,3.7 KW Plug T2 monofásico,PRM-AG01-10b
Arganzuela,A.G. Equidad. Derechos Sociales y Empleo,Pº Chopera 41,4471741.49,440676.52,1,Mennekes manguera,3.7 kW,PRM-AG01-01a
Arganzuela,A.G. Equidad. Derechos Sociales y Empleo,Pº Chopera 41,4471741.49,440676.52,1,Mennekes,3.7 kW,PRM-AG01-01b
Arganzuela,A.G. Equidad. Derechos Sociales y Empleo,Pº Chopera 41,4471741.49,440676.52,1,Mennekes manguera,3.7 kW,PRM-AG01-01b
Arganzuela,A.G. Equidad. Derechos Sociales y Empleo,Pº Chopera 41,4471741.49,440676.52,1,Mennekes manguera,3.7 kW,PRM-AG01-01c
Arganzuela,A.G. Equidad. Derechos Sociales y Empleo,Pº Chopera 41,4471741.49,440676.52,1,Mennekes manguera,3.7 kW,PRM-AG01-01d
Arganzuela,A.G. Equidad. Derechos Sociales y Empleo,Pº Chopera 41,4471741.49,440676.52,1,Mennekes manguera,3.7 kW,PRM-AG01-01e
Arganzuela,A.G. Equidad. Derechos Sociales y Empleo,Pº Chopera 41,4471741.49,440676.52,1,Mennekes manguera,3.7 kW,PRM-AG01-01f
Arganzuela,A.G. Equidad. Derechos Sociales y Empleo,Pº Chopera 41,4471741.49,440676.52,1,mennekes Hembra,32 A trifásico,PRM-AG01-01b
Arganzuela,A.G. Salud. Seguridad y Emergencias / PM / UID Arganzuela,Pº Chopera 2,4472146.4,440514.7,1,Mennekes,3.7,PRM-AG05-03d
Arganzuela,A.G. Salud. Seguridad y Emergencias / PM / UID Arganzuela,Pº Chopera 2,4472146.4,440514.7,1,Mennekes,3.7,PRM-AG05-03b
Arganzuela,A.G. Salud. Seguridad y Emergencias / PM / UID Arganzuela,Pº Chopera 2,4472146.4,440514.7,1,Mennekes conector hembra sin manguera,22 kW,PRM-AG05-03c
Arganzuela,A.G. Equidad. Derechos Sociales y Empleo,Ronda de Toledo. 10,4473292,439854.9,1,Mennekes,3.7 kW,PRM-AG01-02a
Arganzuela,A.G. Equidad. Derechos Sociales y Empleo,Ronda de Toledo. 10,4473292,439854.9,1,Mennekes,3.7 kW,PRM-AG01-02b
Arganzuela,A.G. Equidad. Derechos Sociales y Empleo,Ronda de Toledo. 10,4473292,439854.9,1,Mennekes,3.7 kW,PRM-AG01-02c
Barajas,J.M.D. Barajas (Centro Mayores),C/ Acuario 27,4480619.38,450861.59,1,Mennekes,3.7 kW,PRM-JM21-10
Barajas,A.G. Desarrollo Urbano Sostenible,C/ Ribera del Sena 21,4479216.43,447631.57,1,Mennekes,3.7 kW,PRM-AG07-01a
Barajas,A.G. Desarrollo Urbano Sostenible,C/ Ribera del Sena 21,4479216.43,447631.57,1,Mennekes,3.7 kW,PRM-AG07-01b
Barajas,A.G. Desarrollo Urbano Sostenible,C/ Ribera del Sena 21,4479216.43,447631.57,1,Mennekes,3.7 kW,PRM-AG07-01c
Barajas,A.G. Desarrollo Urbano Sostenible,C/ Ribera del Sena 21,4479216.43,447631.57,1,Mennekes,3.7 kW,PRM-AG07-01d
Barajas,A.G. Desarrollo Urbano Sostenible,C/ Ribera del Sena 21,4479216.43,447631.57,1,Mennekes,3.7 kW,PRM-AG07-01e
Barajas,A.G. Desarrollo Urbano Sostenible,C/ Ribera del Sena 21,4479216.43,447631.57,2,Mennekes,16 A Trifásico 11 kW,PRM-AG07-01f
Barajas,A.G. Desarrollo Urbano Sostenible,C/ Ribera del Sena 21,4479216.43,447631.57,1,Mennekes,16A monofásico,PRM-AG07-01g
Barajas,A.G. Desarrollo Urbano Sostenible,C/ Ribera del Sena 21,4479216.43,447631.57,1,Mennekes,16A monofásico,PRM-AG07-01h
Barajas,A.G. Desarrollo Urbano Sostenible,C/ Ribera del Sena 21,4479216.43,447631.57,1,Mennekes,16A monofásico,PRM-AG07-01i
Barajas,A.G. Desarrollo Urbano Sostenible,C/ Ribera del Sena 21,4479216.43,447631.57,1,Mennekes,16A monofásico,PRM-AG07-01j
Barajas,A.G. Desarrollo Urbano Sostenible,C/ Ribera del Sena 21,4479216.43,447631.57,1,Mennekes,16A monofásico,PRM-AG07-01k
Barajas,A.G. Salud. Seguridad y Emergencias / PM / DG DE POLICIA MUNICIPAL,Calle Trespaderne. 16,4478363.8,450836.2,1,Yazaki con manguera,16 A monofásico,PRM-AG05-01c
Carabanchel,J.M. D. Carabanchel / UID CARABANCHEL,C/ Albox. 8,4469796.8,436884.1,1,Mennekes manguera,16 A monofásico,PRM-JM
Centro,A.G. Economía y Hacienda / SGT,C/ Alcalá 45,4474508.52,440929.55,1,Mennekes manguera,16 A,PRM-AG04-02a
Centro,A.G. Economía y Hacienda / SGT,C/ Alcalá 45,4474508.52,440929.55,1,Mennekes manguera,16 A,PRM-AG04-02b
Centro,A.G. Economía y Hacienda / SGT,C/ Alcalá 45,4474508.52,440929.55,1,Mennekes,16 A,PRM-AG04-02c
Centro,A.G. Participación Ciudadana. Transparencia y Gobierno Abierto / SGT,C/ Alcalá 45,4474508.52,440929.55,1,Mennekes,16 A,PRM-AG06-01
Centro,A.G. Economia y Hacienda,C/ Barquillo 17a,4474797.76,440976.34,1,Mennekes,3.7 kW,PRM-AG04-01a
Centro,A.G. Economia y Hacienda,C/ Barquillo 17a,4474797.76,440976.34,1,Mennekes,3.7 kW,PRM-AG04-01b
Centro,A.G. Economía y Hacienda / Agencia Tributaria,C/ Sacramento 4,4474010.51,439687.55,1,Mennekes/Schuko,3.7 kW,PRM-AG04-10a
Centro,A.G. Economía y Hacienda / Agencia Tributaria,C/ Sacramento 4,4474010.51,439687.55,1,Mennekes/Schuko,3.7 kW,PRM-AG04-10B
Centro,A.G. Economía y Hacienda / Agencia Tributaria,C/ Sacramento 4,4474010.51,439687.55,1,Mennekes/Schuko,3.7 kW,PRM-AG04-10C
Centro,A.G. Economía y Hacienda / Agencia Tributaria,C/ Sacramento 4,4474010.51,439687.55,1,Mennekes,3.7 kW,PRM-AG04-10d
Centro,A.G. Economía y Hacienda / Agencia Tributaria,C/ Sacramento 4,4474010.51,439687.55,1,Mennekes,3.7 kW,PRM-AG04-10e
Centro,A.G. Economía y Hacienda / Agencia Tributaria,C/ Sacramento 4,4474010.51,439687.55,1,Mennekes,3.7 kW,PRM-AG04-10f
Centro,A.G. Economía y Hacienda / Agencia Tributaria,C/ Sacramento 4,4474010.51,439687.55,1,Mennekes,3.7 kW,PRM-AG04-10g
Centro,A.G. Economía y Hacienda / Agencia Tributaria,C/ Sacramento 4,4474010.51,439687.55,1,Mennekes,3.7 kW,PRM-AG04-10h
Centro,A.G. Economía y Hacienda / Agencia Tributaria,C/ Sacramento 4,4474010.51,439687.55,1,Mennekes,3.7 kW,PRM-AG04-10i
Centro,A.G. Economía y Hacienda / Agencia Tributaria,C/ Sacramento 4,4474010.51,439687.55,1,Mennekes,7.3 KW 32 A configuracion  mono,PRM-AG04-
Centro,A.G. Economía y Hacienda / Agencia Tributaria,C/ Sacramento 4,4474010.51,439687.55,1,Mennekes,7.3 KW 32 A configuracion  mono,PRM-AG04-
Centro,A.G. Economía y Hacienda / Agencia Tributaria,C/ Sacramento 4,4474010.51,439687.55,1,Mennekes,7.3 KW 32 A configuracion  mono,PRM-AG04-
Centro,A.G. Economía y Hacienda / Agencia Tributaria,C/ Sacramento 4,4474010.51,439687.55,1,Mennekes,7.3 KW 32 A configuracion  mono,PRM-AG04-
Centro,A.G. Economía y Hacienda / Agencia Tributaria,C/ Sacramento 4,4474010.51,439687.55,1,Mennekes,7.3 KW 32 A configuracion  mono,PRM-AG04-
Centro,A.G. Economía y Hacienda / Agencia Tributaria,C/ Sacramento 4,4474010.51,439687.55,1,Mennekes,7.3 KW 32 A configuracion  mono,PRM-AG04-
Centro,A.G. Salud. Seguridad y Emergencias / PM / UID Centro Sur,Plaza del Carmen,4474643.6,440446.2,1,Mennekes con manguera,32 A modificado a trifásico,PRM-AG05-04c
Centro,A.G. Salud. Seguridad y Emergencias / PM / UID Centro Sur,Plaza del Carmen,4474643.6,440446.2,1,Mennekes con manguera,32 A modificado a trifásico,PRM-AG05-04c
Centro,A.G. Salud. Seguridad y Emergencias / PM / UID CENTRO NORTE,Pz. Sta Mª Soledad Torres Acosta. 2,4474983,440255.3,1,Mennekes,3.7 kW,PRM-AG05-04a
Centro,A.G. Salud. Seguridad y Emergencias / PM / UID CENTRO NORTE,Pz. Sta Mª Soledad Torres Acosta. 2,4474983,440255.3,1,Mennekes,3.7 kW,PRM-AG05-04b
Centro,A.G. Salud. Seguridad y Emergencias / PM / UID CENTRO NORTE,Pz. Sta Mª Soledad Torres Acosta. 2,4474983,440255.3,1,Mennekes,11 kW,PRM-AG05-04c
Chamartín,J.M.D. Chamartín,C/ Príncipe de Vergara 142,4477359.49,442495.57,1,Mennekes,3.7 kW,PRM-JM05-01
Chamartín,J.M.D. Chamartín / Policia Municipal,C/ Príncipe de Vergara 142,4477359.49,442495.57,1,Mennekes,32 A configurado inteligente,PRM-AG05-03a
Chamartín,J.M.D. Chamartín / Policia Municipal,C/ Príncipe de Vergara 142,4477359.49,442495.57,1,Mennekes,33 A configurado inteligente,PRM-AG05-03a
Chamartín,J.M.D. Chamartín / Policia Municipal,C/ Príncipe de Vergara 142,4477359.49,442495.57,1,Schuko,3.7 kW,PRM-AG05-03a
Chamartín,J.M.D. Chamartín / Policia Municipal,C/ Príncipe de Vergara 142,4477359.49,442495.57,1,Schuko,3.7 kW,PRM-AG05-03a
Chamartín,J.M.D. Chamartín / Policia Municipal,C/ Príncipe de Vergara 142,4477359.49,442495.57,1,Schuko,3.7 kW,PRM-AG05-03a
Chamartín,A.G. Medio Ambiente y Movilidad / Agentes movilidad,Calle de Guatemala,4479196.7,442858,1,Mennekes manguera,32 A monofásico,PRM-AG08-
Chamberí,A.G. Salud. Seguridad y Emergencias / PM / UID Chamberí,C/ Raimundo Fernandez Villaverde 8,4477772,440516.5,1,Mennekes manguera,32 A limitados a 10 kW,PRM-AG05-0
Chamberí,A.G. Salud. Seguridad y Emergencias / PM / UID Chamberí,C/ Raimundo Fernandez Villaverde 8,4477772,440516.5,1,Mennekes manguera,32 A limitados a 10 kW,PRM-AG05-0
Chamberí,JMD Chamberí,Calle Palafox 4,4476007.2,440655.9,1,Mennekes manguera,16 A monofásico,PRM-JM
Ciudad Lineal,A.G. ECONOMIA Y HACIENDA / Parque Automovilistico,Avda. de las Trece Rosas,4475023.44,445040.54,1,Mennekes/Schuko,,PRM-AG05-20a
Ciudad Lineal,A.G. Medio Ambiente y Movilidad / Limpieza y residuos,Avda. de las Trece Rosas,4475023.44,445040.54,1,Mennekes,22 Kw Gestion de potencia,PRM-AG08-05a
Ciudad Lineal,A.G. Medio Ambiente y Movilidad / Limpieza y residuos,Avda. de las Trece Rosas,4475023.44,445040.54,1,Mennekes,22 Kw Gestion de potencia,PRM-AG08-05b
Ciudad Lineal,A.G. Medio Ambiente y Movilidad / Limpieza y residuos,Avda. de las Trece Rosas,4475023.44,445040.54,1,Mennekes,22 Kw Gestion de potencia,PRM-AG08-05c
Ciudad Lineal,A.G. Medio Ambiente y Movilidad / Limpieza y residuos,Avda. de las Trece Rosas,4475023.44,445040.54,1,Mennekes,22 Kw Gestion de potencia,PRM-AG08-05d
Ciudad Lineal,A.G. Medio Ambiente y Movilidad / Limpieza y residuos,Avda. de las Trece Rosas,4475023.44,445040.54,1,Mennekes,22 Kw Gestion de potencia,PRM-AG08-05e
Ciudad Lineal,A.G. Medio Ambiente y Movilidad / Limpieza y residuos,Avda. de las Trece Rosas,4475023.44,445040.54,1,Mennekes,22 Kw Gestion de potencia,PRM-AG08-05f
Ciudad Lineal,A.G. Medio Ambiente y Movilidad / Limpieza y residuos,Avda. de las Trece Rosas,4475023.44,445040.54,1,Mennekes,22 Kw Gestion de potencia,PRM-AG08-05g
Ciudad Lineal,A.G. Medio Ambiente y Movilidad / Limpieza y residuos,Avda. de las Trece Rosas,4475023.44,445040.54,1,Mennekes,22 Kw Gestion de potencia,PRM-AG08-05h
Ciudad Lineal,A.G. Medio Ambiente y Movilidad / Limpieza y residuos,Avda. de las Trece Rosas,4475023.44,445040.54,1,Mennekes,22 Kw Gestion de potencia,PRM-AG08-05i
Ciudad Lineal,A.G. Medio Ambiente y Movilidad / Limpieza y residuos,Avda. de las Trece Rosas,4475023.44,445040.54,1,Mennekes,22 Kw Gestion de potencia,PRM-AG08-05j
Ciudad Lineal,A.G. Medio Ambiente y Movilidad / Limpieza y residuos,Avda. de las Trece Rosas,4475023.44,445040.54,1,Mennekes,22 Kw Gestion de potencia,PRM-AG08-05k
Ciudad Lineal,A.G. Medio Ambiente y Movilidad / Limpieza y residuos,Avda. de las Trece Rosas,4475023.44,445040.54,1,Mennekes,22 Kw Gestion de potencia,PRM-AG08-05l
Ciudad Lineal,A.G. Medio Ambiente y Movilidad / Limpieza y residuos,Avda. de las Trece Rosas,4475023.44,445040.54,1,Mennekes,22 Kw Gestion de potencia,PRM-AG08-05m
Ciudad Lineal,A.G. Medio Ambiente y Movilidad / Limpieza y residuos,Avda. de las Trece Rosas,4475023.44,445040.54,1,Mennekes,22 Kw Gestion de potencia,PRM-AG08-05n
Ciudad Lineal,A.G. Medio Ambiente y Movilidad / Limpieza y residuos,Avda. de las Trece Rosas,4475023.44,445040.54,1,Mennekes con manguera,22 kW,PRM-AG08-05h
Ciudad Lineal,A.G. Medio Ambiente y Movilidad / Limpieza y residuos,Avda. de las Trece Rosas,4475023.44,445040.54,1,Mennekes con manguera,22 kW,PRM-AG08-05h
Ciudad Lineal,A.G. Medio Ambiente y Movilidad / Limpieza y residuos,Avda. de las Trece Rosas,4475023.44,445040.54,1,Mennekes con manguera,22 kW,PRM-AG08-05h
Ciudad Lineal,A.G. Medio Ambiente y Movilidad / Limpieza y residuos,Avda. de las Trece Rosas,4475023.44,445040.54,1,Mennekes con manguera,22 kW,PRM-AG08-05h
Ciudad Lineal,A.G. Medio Ambiente y Movilidad / Limpieza y residuos,Avda. de las Trece Rosas,4475023.44,445040.54,1,Mennekes con manguera,22 kW,PRM-AG08-05h
Ciudad Lineal,A.G. Medio Ambiente y Movilidad / Limpieza y residuos,Avda. de las Trece Rosas,4475023.44,445040.54,1,Mennekes con manguera,22 kW,PRM-AG08-05h
Ciudad Lineal,A.G. Medio Ambiente y Movilidad / Limpieza y residuos,Avda. de las Trece Rosas,4475023.44,445040.54,1,Mennekes con manguera,22 kW,PRM-AG08-05h
Ciudad Lineal,A.G. Medio Ambiente y Movilidad / Limpieza y residuos,Avda. de las Trece Rosas,4475023.44,445040.54,1,Mennekes con manguera,22 kW,PRM-AG08-05h
Ciudad Lineal,A.G. Medio Ambiente y Movilidad / Limpieza y residuos,Avda. de las Trece Rosas,4475023.44,445040.54,1,Mennekes con manguera,22 kW,PRM-AG08-05h
Ciudad Lineal,A.G. Medio Ambiente y Movilidad / Limpieza y residuos,Avda. de las Trece Rosas,4475023.44,445040.54,1,Mennekes con manguera,22 kW,PRM-AG08-05h
Ciudad Lineal,A.G. Medio Ambiente y Movilidad / Limpieza y residuos,Avda. de las Trece Rosas,4475023.44,445040.54,1,Mennekes con manguera,22 kW,PRM-AG08-05h
Ciudad Lineal,A.G. Medio Ambiente y Movilidad / Limpieza y residuos,Avda. de las Trece Rosas,4475023.44,445040.54,1,Mennekes con manguera,22 kW,PRM-AG08-05h
Ciudad Lineal,A.G. Medio Ambiente y Movilidad / Limpieza y residuos,Avda. de las Trece Rosas,4475023.44,445040.54,1,Mennekes con manguera,22 kW,PRM-AG08-05h
Ciudad Lineal,A.G. Medio Ambiente y Movilidad / Limpieza y residuos,Avda. de las Trece Rosas,4475023.44,445040.54,1,Mennekes con manguera,22 kW,PRM-AG08-05h
Ciudad Lineal,A.G. Medio Ambiente y Movilidad / Limpieza y residuos,Avda. de las Trece Rosas,4475023.44,445040.54,1,Mennekes con manguera,22 kW,PRM-AG08-05h
Ciudad Lineal,A.G. Medio Ambiente y Movilidad / Limpieza y residuos,Avda. de las Trece Rosas,4475023.44,445040.54,1,Mennekes con manguera,22 kW,PRM-AG08-05h
Ciudad Lineal,A.G. Medio Ambiente y Movilidad / Limpieza y residuos,Avda. de las Trece Rosas,4475023.44,445040.54,1,Mennekes con manguera,22 kW,PRM-AG08-05h
Ciudad Lineal,A.G. Medio Ambiente y Movilidad / Limpieza y residuos,Avda. de las Trece Rosas,4475023.44,445040.54,1,Mennekes con manguera,22 kW,PRM-AG08-05h
Ciudad Lineal,J.M.D. Ciudad Lineal,C/ Hermanos García Noblejas. 16,4476744.6,446032,1,Mennekes,3.7 KW Plug T2 monofásico,PRM-JM15-01a
Fuencarral-El Pardo,UID Fuencarral el Pardo,Avda. Soto Palacios. 2,4482348.5,442150,1,Mennekes con manguera,22 kW 32 A Trifásico Inteligente Blaudrive,PRM-AG05-
Fuencarral-El Pardo,J.M.D Fuencarral el Pardo,Avda. de Monforte de Lemos. 40,4481314.2,439945.5,1,Mennekes manguera,32 A monofásio,PRM-JM
Fuencarral-El Pardo,J.M.D. Fuencarral-El Pardo,Avda. Monforte de Lemos. 36-38,4481328.2,439999.7,1,Sucko,3.7 kW,PRM-JM08-01a
Hortaleza,A.G. Salud. Seguridad y Emergencias / Madrid Salud / LABORATORIO DE SALUD PÚBLICA,C/ Emigrantes 20 / c/ AREQUIPA,4480152.7,446070.9,1,Mennekes,3.7 KW Plug T2 monofásico,PRM-AG05-14a
Hortaleza,A.G. Salud. Seguridad y Emergencias / Madrid Salud / LABORATORIO DE SALUD PÚBLICA,C/ Emigrantes 20 / c/ AREQUIPA,4480152.7,446070.9,1,Mennekes,3.7 KW Plug T2 monofásico,PRM-AG05-14b
Hortaleza,J.M.D. Hortaleza,Ctra. Canillas. 2,4479562.1,444395.8,1,Mennekes,3.7 KW Plug T2 monofásico,PRM-JM16-01a
Latina,J.M.D. Latina,Avda. de Las Águilas. 2A,4470970,435244.9,1,Mennekes,32 A manguera,PRM-JM
Latina,J.M.D. Latina,Avda. de Las Águilas. 2A,4470970,435244.9,1,Mennekes,32 A manguera,PRM-JM
Latina,A.G. Medio Ambiente y Movilidad / SELUR,Avda. Angel Sanz Briz,4472525.3,436942.7,1,Mennekes manguera,32 A monofásico,PRM-AG08-
Latina,A.G. Medio Ambiente y Movilidad / SELUR,Avda. Angel Sanz Briz,4472525.3,436942.7,1,Mennekes manguera,32 A monofásico,PRM-AG08-
Latina,A.G. Medio Ambiente y Movilidad / SELUR,Avda. Angel Sanz Briz,4472525.3,436942.7,1,Mennekes manguera,32 A monofásico,PRM-AG08-
Latina,A.G. Medio Ambiente y Movilidad / SELUR,Avda. Angel Sanz Briz,4472525.3,436942.7,1,Mennekes manguera,32 A monofásico,PRM-AG08-
Latina,A.G. Salud. Seguridad y Emergencias / Madrid Salud / CENTRO DE PROTECCIÓN ANIMAL,C/ Ctra. del barrio de la Fortuna. 33,4468594.3,434037.9,1,Mennekes,3.7 KW Plug T2 monofásico,PRM-AG05-12a
Latina,A.G. Salud. Seguridad y Emergencias / Madrid Salud / CENTRO DE PROTECCIÓN ANIMAL,C/ Ctra. del barrio de la Fortuna. 33,4468594.3,434037.9,1,Mennekes,3.7 KW Plug T2 monofásico,PRM-AG05-12b
Latina,A.G. Salud. Seguridad y Emergencias / Madrid Salud / CENTRO DE PROTECCIÓN ANIMAL,C/ Ctra. del barrio de la Fortuna. 33,4468594.3,434037.9,1,Mennekes,3.7 KW Plug T2 monofásico,PRM-AG05-12c
Latina,A.G. Salud. Seguridad y Emergencias / Madrid Salud / CENTRO DE PROTECCIÓN ANIMAL,C/ Ctra. del barrio de la Fortuna. 33,4468594.3,434037.9,1,Mennekes,3.7 KW Plug T2 monofásico,PRM-AG05-12d
Latina,A.G. Salud. Seguridad y Emergencias / Madrid Salud / CENTRO DE PROTECCIÓN ANIMAL,C/ Ctra. del barrio de la Fortuna. 33,4468594.3,434037.9,1,Mennekes,3.7 KW Plug T2 monofásico,PRM-AG05-12e
Latina,A.G. Salud. Seguridad y Emergencias / Madrid Salud / CENTRO DE PROTECCIÓN ANIMAL,C/ Ctra. del barrio de la Fortuna. 33,4468594.3,434037.9,1,Mennekes,3.7 KW Plug T2 monofásico,PRM-AG05-12f
Latina,A.G. Salud. Seguridad y Emergencias / Madrid Salud / CENTRO DE PROTECCIÓN ANIMAL,C/ Ctra. del barrio de la Fortuna. 33,4468594.3,434037.9,1,Mennekes,3.7 KW Plug T2 monofásico,PRM-AG05-12g
Latina,A.G. Salud. Seguridad y Emergencias / Madrid Salud / CENTRO DE PROTECCIÓN ANIMAL,C/ Ctra. del barrio de la Fortuna. 33,4468594.3,434037.9,1,Mennekes,3.7 KW Plug T2 monofásico,PRM-AG05-12h
Latina,A.G. Salud. Seguridad y Emergencias / PM / UID Latina,C/ Rodrigo de Arana nº 50,4470329.5,435085.1,1,Mennekes,3.7 kW,PRM-AG05-07a
Latina,A.G. Salud. Seguridad y Emergencias / PM / UID Latina,C/ Rodrigo de Arana nº 50,4470329.5,435085.1,1,Mennekes,3.7 kW,PRM-AG05-07b
Latina,A.G. Salud. Seguridad y Emergencias / CIFSE,Calle Sepulveda 153,4472938.8,436338.4,1,Mennekes conector hembra sin manguera,16 A monofásico,PRM-AG05-
Moncloa - Aravaca,A.G. Salud. Seguridad y Emergencias / PM / DG DE POLICIA MUNICIPAL,Avda. Principal. 6,4473908.35,437220.72,1,Mennekes con manguera,32 A trifásico,PRM-AG05-01d
Moncloa - Aravaca,A.G. Salud. Seguridad y Emergencias / PM / DG DE POLICIA MUNICIPAL,Avda. Principal. 6,4473908.35,437220.72,1,Mennekes,7.4 Kw,PRM-AG05-01a
Moncloa - Aravaca,A.G. Salud. Seguridad y Emergencias / PM / DG DE POLICIA MUNICIPAL,Avda. Principal. 6,4473908.35,437220.72,1,Mennekes,7.4 Kw,PRM-AG05-01b
Moncloa - Aravaca,A.G. Salud. Seguridad y Emergencias / PM / Talleres,Avda. Valladolid,4475894.2,438181.5,1,mennekes Hembra/Schuko,3.7 kW monofasico Blaudrive,PRM-AG05-09
Moncloa - Aravaca,A.G. Salud. Seguridad y Emergencias / Madrid Salud / INSTITUTO FABIOLA DE MORA Y ARAGÓN,C/ Dehesa de la Villa c/v Franco Rodriguez s/n,4479076.7,439037.7,1,Mennekes,3.7 kW PlgT2 Circutor Simple monofásico,PRM-AG05-13a
Moncloa - Aravaca,A.G. Salud. Seguridad y Emergencias / Madrid Salud / INSTITUTO FABIOLA DE MORA Y ARAGÓN,C/ Dehesa de la Villa c/v Franco Rodriguez s/n,4479076.7,439037.7,1,Mennekes,3.7 kW PlgT2 Circutor Simple monofásico,PRM-AG05-13b
Moncloa - Aravaca,A.G. Salud. Seguridad y Emergencias / PM / Unidad Medio Ambiente,C/ Ganadería 3,4474148.53,438088.56,1,Mennekes,380 V en trifasica,PRM-AG05-02a
Moncloa - Aravaca,A.G. Salud. Seguridad y Emergencias / PM / Unidad Medio Ambiente,C/ Ganadería 3,4474148.53,438088.56,1,Mennekes,,PRM-AG05-02a
Moncloa - Aravaca,A.G. Salud. Seguridad y Emergencias / PM / Unidad Medio Ambiente,C/ Ganadería 3,4474148.53,438088.56,1,Chademo - COMBO,22 kW corriente continua,PRM-AG05-02a
Moncloa - Aravaca,A.G. Medio Ambiente y Movilidad / Agentes movilidad,C/ Pista. 4 pabellón de Mayorales,4474354.9,438396.1,1,Mennekes,3.7 kW,PRM-AG08-01
Moncloa - Aravaca,A.G. Medio Ambiente y Movilidad / Centro Municipal de Acustica,M-30 p.K.21.700. Vivero Migas Calientes,4477226.9,437202.3,1,Mennekes manguera,32 A monofásico,PRM-AG08-
Moncloa - Aravaca,A.G. Medio Ambiente y Movilidad / Agentes movilidad,Paseo Viejo 4 (Casa de Campo),4474468.6,438527.3,1,Mennekes manguera,32 A monofásico,PRM-AG08-
Moncloa - Aravaca,A.G. Medio Ambiente y Movilidad / Agentes movilidad,Paseo Viejo 4 (Casa de Campo),4474468.6,438527.3,1,Mennekes manguera,32 A monofásico,PRM-AG08-
Moncloa - Aravaca,A.G. Medio Ambiente y Movilidad / Agentes movilidad,Paseo Viejo 4 (Casa de Campo),4474468.6,438527.3,1,Mennekes manguera,32 A monofásico,PRM-AG08-
Moncloa - Aravaca,A.G. Medio Ambiente y Movilidad / Agentes movilidad,Paseo Viejo 4 (Casa de Campo),4474468.6,438527.3,1,Mennekes manguera,32 A monofásico,PRM-AG08-
Moncloa - Aravaca,A.G. Medio Ambiente y Movilidad / Agentes movilidad,Paseo Viejo 4 (Casa de Campo),4474468.6,438527.3,1,Mennekes manguera,32 A monofásico,PRM-AG08-
Moncloa - Aravaca,A.G. Medio Ambiente y Movilidad / Agentes movilidad,Paseo Viejo 4 (Casa de Campo),4474468.6,438527.3,1,Mennekes manguera,32 A monofásico,PRM-AG08-
Moncloa - Aravaca,A.G. Medio Ambiente y Movilidad / Agentes movilidad,Paseo Viejo 4 (Casa de Campo),4474468.6,438527.3,1,Mennekes manguera,32 A monofásico,PRM-AG08-
Moncloa - Aravaca,A.G. Medio Ambiente y Movilidad / Agentes movilidad,Paseo Viejo 4 (Casa de Campo),4474468.6,438527.3,1,Mennekes manguera,32 A monofásico,PRM-AG08-
Moncloa - Aravaca,A.G. Medio Ambiente y Movilidad / Agentes movilidad,Paseo Viejo 4 (Casa de Campo),4474468.6,438527.3,1,Mennekes manguera,32 A monofásico,PRM-AG08-
Moncloa - Aravaca,A.G. Medio Ambiente y Movilidad / Agentes movilidad,Paseo Viejo 4 (Casa de Campo),4474468.6,438527.3,1,Mennekes manguera,32 A monofásico,PRM-AG08-
Moncloa - Aravaca,A.G. Medio Ambiente y Movilidad / Rosaleda,Pº Camoens. s/n PALACETE FERROVIARIOS,4476198.4,438437,1,Mennekes,3.7 K Plug T2 Monofásico,PRM-AG08-01a
Moncloa - Aravaca,A.G. Medio Ambiente y Movilidad / Rosaleda,Pº Camoens. s/n PALACETE FERROVIARIOS,4476198.4,438437,1,Mennekes,3.7 K Plug T2 Monofásico,PRM-AG08-01b
Moncloa - Aravaca,A.G. Medio Ambiente y Movilidad / Rosaleda,Pº Camoens. s/n PALACETE FERROVIARIOS,4476198.4,438437,1,Mennekes,3.7 K Plug T2 Monofásico,PRM-AG08-01c
Moncloa - Aravaca,A.G. Medio Ambiente y Movilidad / Rosaleda,Pº Camoens. s/n PALACETE FERROVIARIOS,4476198.4,438437,1,Mennekes,3.7 K Plug T2 Monofásico,PRM-AG08-01d
Moncloa - Aravaca,A.G. Medio Ambiente y Movilidad / Rosaleda,Pº Camoens. s/n PALACETE FERROVIARIOS,4476198.4,438437,1,Mennekes,3.7 K Plug T2 Monofásico,PRM-AG08-01e
Moncloa - Aravaca,A.G. Medio Ambiente y Movilidad / Rosaleda,Pº Camoens. s/n PALACETE FERROVIARIOS,4476198.4,438437,1,Mennekes,3.7 K Plug T2 Monofásico,PRM-AG08-01f
Moncloa - Aravaca,J.M.D. Moncloa,Pz. Moncloa. 1 (C/ Isaac Peral),4476284.53,439098.58,1,Mennekes,3.7 kW,PRM-JM09-01
Moncloa - Aravaca,A.G. Salud. Seguridad y Emergencias / PM (Pabellón USA),Ronda Lago. 6,4474148.53,438088.56,1,Mennekes,3.7 kW,PRM-AG05-08
Moncloa - Aravaca,A.G. Salud. Seguridad y Emergencias / PM (Pabellón USA),Ronda Lago. 6,4474148.53,438088.56,1,Mennekes,3.7 kW,PRM-AG05-08
Moncloa - Aravaca,A.G. Salud. Seguridad y Emergencias / PM (Pabellón USA),Ronda Lago. 6,4474148.53,438088.56,1,Mennekes,3.7 kW,PRM-AG05-08
Moncloa - Aravaca,A.G. Salud. Seguridad y Emergencias / PM (Pabellón USA),Ronda Lago. 6,4474148.53,438088.56,1,Mennekes,3.7 kW,PRM-AG05-08
Moncloa - Aravaca,A.G. Medio Ambiente y Movilidad / Rosaleda,Rosaleda Parque del Oeste,4475349.9,439051.7,1,Mennekes,3.7 kW,PRM-AG08-06a
Moncloa - Aravaca,A.G. Medio Ambiente y Movilidad / Rosaleda,Rosaleda Parque del Oeste,4475349.9,439051.7,1,Mennekes,3.7 kW,PRM-AG08-06b
Moratalaz,J.M.D Moratalaz,C/ Fuente Carrantona. 6,4472194.42,445952.51,1,Mennekes manguera,32 A monofásio,PRM-JM
Moratalaz,J.M.D Moratalaz,C/ Fuente de Carrantona. 8,4472194.42,445952.51,1,Mennekes,3.7 kW,PRM-JM14-01
Puente de Vallecas,A.G. Salud. Seguridad y Emergencias / PM / UID PUENTE DE VALLECAS, C/ Puerto de Cardoso. 3,4471163.6,444605.6,1,Mennekes / Schuco,32 A monofásico,PRM-AG05-04c
Puente de Vallecas,J.M.D Puente de Vallecas,Centro Cultural Lope de Vega (Concejo de Teverga 1),4471058.1,443082.6,1,Mennekes manguera,32 A trifásico,PRM-JM
Retiro,J.M.D Retito (Aparcamiento de Daoiz y Velarde),Avda. de la Ciudad de Barcelona. 162,4472846.1,442637.6,1,Mennekes manguera,16 A monofásico,PRM-JM
Retiro,A.G. Salud. Seguridad y Emergencias / Madrid Salud / SEDE DEL ORGANISMO AUTÓNOMO MADRID SALUD,Avda. Mediterráneo 62,4473257.8,443553.6,1,Mennekes,3.7 kW Plug T2 circutor,PRM-AG05-10a
Retiro,A.G. Salud. Seguridad y Emergencias / Madrid Salud / SEDE DEL ORGANISMO AUTÓNOMO MADRID SALUD,Avda. Mediterráneo 62,4473257.8,443553.6,1,Mennekes,3.7 kW Plug T2 circutor,PRM-AG05-10b
Retiro,A.G. Coordinación Territorial y Asociaciones / SGT,C/ Montalbán 1,4474415.49,441281.55,1,Mennekes/Schuko,3.7 kW,PRM-AG02-01a
Retiro,A.G. Coordinación Territorial y Asociaciones / SGT,C/ Montalbán 1,4474415.49,441281.55,1,Mennekes/Schuko,3.7 kW,PRM-AG02-01b
Retiro,A.G. Medio Ambiente y Movilidad / SGT,C/ Montalbán 1,4474415.49,441281.55,1,Mennekes,32 A gestión potencia plataforma IBIL,PRM-AG08-07a
Retiro,A.G. Medio Ambiente y Movilidad / SGT,C/ Montalbán 1,4474415.49,441281.55,1,Mennekes,32 A gestión potencia plataforma IBIL,PRM-AG08-07b
Retiro,A.G. Medio Ambiente y Movilidad / SGT,C/ Montalbán 1,4474415.49,441281.55,1,Mennekes,32 A gestión potencia plataforma IBIL,PRM-AG08-07c
Retiro,A.G. Medio Ambiente y Movilidad / SGT,C/ Montalbán 1,4474415.49,441281.55,1,Mennekes,32 A gestión potencia plataforma IBIL,PRM-AG08-07d
Retiro,A.G. Medio Ambiente y Movilidad / SGT,C/ Montalbán 1,4474415.49,441281.55,1,Mennekes,32 A gestión potencia plataforma IBIL,PRM-AG08-07e
Retiro,A.G. Medio Ambiente y Movilidad / SGT,C/ Montalbán 1,4474415.49,441281.55,1,Mennekes,32 A gestión potencia plataforma IBIL,PRM-AG08-07f
Retiro,A.G. Portavoz. Coordinación Junta de Gobierno y Relaciones con el Pleno - SGT Coordinación Territorial,C/ Montalbán 1,4474415.49,441281.55,1,Mennekes,32 A gestión potencia plataforma IBIL,PRM-AG03-02a
Retiro,A.G. Portavoz. Coordinación Junta de Gobierno y Relaciones con el Pleno - SGT Coordinación Territorial,C/ Montalbán 1,4474415.49,441281.55,1,Mennekes,32 A gestión potencia plataforma IBIL,PRM-AG03-01c
Retiro,A.G. Portavoz. Coordinación Junta de Gobierno y Relaciones con el Pleno - SGT Portavoz,C/ Montalbán 1,4474415.49,441281.55,1,Mennekes,32 A gestión potencia plataforma IBIL,PRM-AG03-01a
Retiro,Alcaldía Aparcamiento Cibeles,C/ Montalbán 1,4474415.49,441281.55,1,Mennekes/Schuko,33 A gestión potencia plataforma IBIL,PRM-AL01-01a
Retiro,Alcaldía Aparcamiento Cibeles,C/ Montalbán 1,4474415.49,441281.55,1,Mennekes/Schuko,34 A gestión potencia plataforma IBIL,PRM-AL01-01b
Retiro,A.G. Cultura y Deportes,C/ Montalbán 1,4474415.49,441281.55,1,Mennekes,32 A gestión potencia plataforma IBIL,PRM-AG09-01
Salamanca,A.G. Medio Ambiente y Movilidad / RESIDUOS,C/ General Díaz Poltier. Cantón,4475737.2,442681,1,Mennekes,32 A trifásico 22 Kw,PRM-AG08-04a
Salamanca,A.G. Medio Ambiente y Movilidad / RESIDUOS,C/ General Díaz Poltier. Cantón,4475737.2,442681,1,Mennekes,32 A trifásico 22 Kw,PRM-AG08-04b
Salamanca,A.G. Medio Ambiente y Movilidad / RESIDUOS,C/ General Díaz Poltier. Cantón,4475737.2,442681,1,Mennekes,32 A trifásico 22 Kw,PRM-AG08-04c
Salamanca,A.G. Medio Ambiente y Movilidad / RESIDUOS,C/ General Díaz Poltier. Cantón,4475737.2,442681,1,Mennekes,32 A trifásico 22 Kw,PRM-AG08-04c
Salamanca,A.G. Medio Ambiente y Movilidad / RESIDUOS,C/ General Díaz Poltier. Cantón,4475737.2,442681,1,Mennekes,32 A trifásico 22 Kw,PRM-AG08-04c
Salamanca,A.G. Medio Ambiente y Movilidad / RESIDUOS,C/ General Díaz Poltier. Cantón,4475737.2,442681,1,Mennekes,32 A trifásico 22 Kw,PRM-AG08-04c
Salamanca,A.G. Medio Ambiente y Movilidad / RESIDUOS,C/ General Díaz Poltier. Cantón,4475737.2,442681,1,Mennekes,32 A trifásico 22 Kw,PRM-AG08-04c
Salamanca,A.G. Medio Ambiente y Movilidad / RESIDUOS,C/ General Díaz Poltier. Cantón,4475737.2,442681,1,Mennekes,32 A trifásico 22 Kw,PRM-AG08-04c
Salamanca,A.G. Salud. Seguridad y Emergencias / Madrid Salud / MONTESA,C/ Montesa 22,4475781.4,44309.8,1,Mennekes,3.7 KW Plug T2 monofásico,PRM-AG05-11a
Salamanca,A.G. Salud. Seguridad y Emergencias / Madrid Salud / MONTESA,C/ Montesa 22,4475781.4,44309.8,1,Mennekes,3.7 KW Plug T2 monofásico,PRM-AG05-11b
Salamanca,A.G. Salud. Seguridad y Emergencias / PM / UID Salamanca,C/ Pedro Heredia nº 36,4475898.6,443937.7,1,Mennekes manguera,32 A gestion potencia,PRM-AG05-05a
Salamanca,A.G. Salud. Seguridad y Emergencias / PM / UID Salamanca,C/ Pedro Heredia nº 36,4475898.6,443937.7,1,Mennekes manguera,32 A gestion potencia,PRM-AG05-05b
Salamanca,A.G. Salud. Seguridad y Emergencias / PM / UID Salamanca,C/ Pedro Heredia nº 36,4475898.6,443937.7,1,Mennekes manguera,32 A gestion potencia,PRM-AG05-05c
Salamanca,A.G. Salud. Seguridad y Emergencias / PM / UID RUFINO BLANCO,Calle Rufino Blanco. 2,4475741.5,443523.4,1,Mennekes / Schuco,32 A monofásico,PRM-AG05-04c
San Blas - Canillejas,J.M.D. San Blas-Canillejas,Avda. Arcentales. 28,4476358.2,448301.8,1,Mennekes,3.7 KW Plug T2 monofásico,PRM-JM20-01a
San Blas - Canillejas,J.M.D. San Blas-Canillejas,Avda. Arcentales. 28,4476358.2,448301.8,1,Mennekes,32 A trifásico,PRM-JM
San Blas - Canillejas,Alcaldía / IAM,C/ Albarracín 33,4475949.43,446478.55,1,Mennekes,,PRM-AL01-10
San Blas - Canillejas,A.G. Salud. Seguridad y Emergencias / PM / UID SAN BLAS CANILLEJAS,C/ Estocolmo. 91,4476297.1,448810.3,2,Yazaki con manguera,16 A monofásico,PRM-AG05-04c
San Blas - Canillejas,A.G. Medio Ambiente y Movilidad / Agentes movilidad,Calle Albarracin 33,4475949.43,446478.55,1,Mennekes manguera,32 A monofásico,PRM-AG08-
San Blas - Canillejas,A.G. Medio Ambiente y Movilidad / Agentes movilidad,Calle Albarracin 33,4475949.43,446478.55,1,Mennekes manguera,32 A monofásico,PRM-AG08-
Tetuán,A.G. Salud. Seguridad y Emergencias / PM / UID Tetuan,Avda. de Asturias nº 68,4480640.2,440838.4,1,Mennekes,3.7 kW,PRM-AG05-06a
Tetuán,A.G. Salud. Seguridad y Emergencias / PM / UID Tetuan,Avda. de Asturias nº 68,4480640.2,440838.4,1,Mennekes,3.7 kW,PRM-AG05-06b
Tetuán,J.M.D. Tetuán,C/ Bravo Murillo. 357,4479822.4,441300.4,1,Mennekes,3.7 kW Plug T2 Circutor simple monofásico,PRM-JM06-01a
Usera,J.M.D Usera,Avda. Rafaela Ybarra. 41,4470649.8,439769.8,1,Mennekes manguera,16 A monofásico,PRM-JM
Usera,A.G. Salud. Seguridad y Emergencias / PM / UID Tetuan,Calle del Dr. Tolosa Latour. 7,4469852.6,440494.4,1,yazaki,16 A manguera Yazaki,PRM-AG05-
Usera,A.G. Salud. Seguridad y Emergencias / PM / UID Tetuan,Calle del Dr. Tolosa Latour. 7,4469852.6,440494.4,1,Mennekes,32 A manguera,PRM-AG05-
Vicálvaro,J.M.D. Vicalvaro,Plaza Don Antonio de Andrés. 18,4472790.8,448688.9,1,Mennekes manguera,16 A monofásico,PRM-JM
Vicálvaro,J.M.D. Vicalvaro,Plaza Don Antonio de Andrés. 18,4472790.8,448688.9,1,Mennekes manguera,16 A monofásico,PRM-JM
Vicálvaro,A.G. Salud. Seguridad y Emergencias / PM / UID VICALVARO,Paseo Polideportivo. 138.,4473271.6,449371,1,Mennekes / Schuco,32 A monofásico,PRM-AG05-04c
Villa de Vallecas,A.G. Salud. Seguridad y Emergencias / PM / UID VILLA  DE VALLECAS,C/ Real de Arganda. 64,4470229.4,447968.9,1,Mennekes / Schuco,32 A monofásico,PRM-AG05-04c
Villa de Vallecas,A.G. Cultura. Almacén municipal,Calle Camino de Hormigueras 133,4469744.2,445455.4,1,Mennekes manguera,16 A monofásico,PRM-AG01
Villa de Vallecas,J.M.D Villa de Vallecas,Calle Federico García Lorca 12,4470206.1,447357,1,Mennekes manguera,16 A monofásico,PRM-JM
Villa de Vallecas,A.G. Medio Ambiente y Movilidad / VALDEMINGOMEZ,VALDEMINGOMEZ,4467895,452324,1,Mennekes,3.7 kW,PRM-AG08-08
Villa de Vallecas,A.G. Medio Ambiente y Movilidad / VALDEMINGOMEZ,VALDEMINGOMEZ,4467895,452324,1,Mennekes,16 A monofásico,PRM-AG08-09
Villaverde,J.M.D. Villaverde,C/ Arroyo Bueno 53,4466725.48,439602.47,1,Mennekes,3.7 kW,PRM-JM17-01
Villaverde,A.G. Salud. Seguridad y Emergencias / PM / UID VILLAVERDE,Carr. de Carabanchel a Villaverde. 105,4467183.8,440081.4,1,Mennekes / Schuco,32 A monofásico,PRM-AG05-04c