OBJECTID,NUMEROLINEAUSUARIO,SENTIDO,DENOMINACION,CODIGOMUNICIPIO,MUNICIPIO,CORONATARIFARIA,DIRECCION,LONGITUDTRAMOANTERIOR,VELOCIDADTRAMOANTERIOR
1,10b,1,LA GRANJA,6,ALCOBENDAS,B1,Calle de Sepúlveda N 1,2061.13450920886,37.18
2,10b,2,LA GRANJA,6,ALCOBENDAS,B1,Calle de Sepúlveda N 1,1497.63319892205,37.18
3,10b,1,LA MORALEJA,6,ALCOBENDAS,B1,Avda de la Ermita N 5,1325.80051622755,37.18
4,10b,2,LA MORALEJA,6,ALCOBENDAS,B1,Avda de la Ermita N 5,2057.30287248666,37.18
5,10b,1,MARQUES DE LA VALDAVIA,6,ALCOBENDAS,B1,Calle del Marqués de la Valdavia BLQ 21,1514.58431713643,37.18
6,10b,2,MARQUES DE LA VALDAVIA,6,ALCOBENDAS,B1,Calle del Marqués de la Valdavia BLQ 21,1319.07449855973,37.18
7,10b,1,MANUEL DE FALLA,6,ALCOBENDAS,B1,Calle   Manuel de Falla N 59,1108.192303689,37.18
8,10b,2,MANUEL DE FALLA,6,ALCOBENDAS,B1,Calle   Manuel de Falla N 59,1525.36804580127,37.18
9,10a,1,JOAQUIN VILUMBRALES,7,ALCORCON,B1,Avda de la Libertad N 13,3272.36404486616,31.12
10,10a,2,JOAQUIN VILUMBRALES,7,ALCORCON,B1,Avda de la Libertad N 13,721.744,31.12
11,10a,1,PUERTA DEL SUR,7,ALCORCON,B1,Avda de la Libertad N 2,723.81886015532,31.12
12,10a,2,PUERTA DEL SUR,7,ALCORCON,B1,Avda de la Libertad N 2,0,0
13,12-1,1,PUERTA DEL SUR,7,ALCORCON,B1,Avda de Leganés N 52,3366.349,40.53
14,12-2,1,PUERTA DEL SUR,7,ALCORCON,B1,Avda de Leganés N 52,0,0
15,12-2,1,PUERTA DEL SUR,7,ALCORCON,B1,Avda de Leganés N 52,842.413,40.59
16,12-1,1,PUERTA DEL SUR,7,ALCORCON,B1,Avda de Leganés N 52,0,0
17,12-1,1,PARQUE LISBOA,7,ALCORCON,B1,Calle de Porto Lagos N 7,841.921,40.53
18,12-2,1,PARQUE LISBOA,7,ALCORCON,B1,Calle de Porto Lagos N 7,1284.994,40.59
19,12-1,1,ALCORCON CENTRAL,7,ALCORCON,B1,Avda de Móstoles N 12,1278.985,40.53
20,12-2,1,ALCORCON CENTRAL,7,ALCORCON,B1,Avda de Móstoles N 12,1564.933,40.59
21,12-2,1,PARQUE OESTE,7,ALCORCON,B1,Calle de Estambul N 5,2614.559,40.59
22,12-1,1,PARQUE OESTE,7,ALCORCON,B1,Calle de Estambul N 5,1566.99,40.53
23,9B,1,ARGANDA DEL REY,14,ARGANDA DEL REY,B3,Paseo de la Estación N 37,3707.895,54.34
24,9B,2,ARGANDA DEL REY,14,ARGANDA DEL REY,B3,Paseo de la Estación N 37,0,0
25,9B,1,LA POVEDA,14,ARGANDA DEL REY,B3,Parcela   9017 Polígono 1 SN S/N,4371.06,54.34
26,9B,2,LA POVEDA,14,ARGANDA DEL REY,B3,Parcela   9017 Polígono 1 SN S/N,3699.83,54.34
27,7b,1,BARRIO DEL PUERTO,49,COSLADA,B1,Avda de España N 8,691.7971,33.38
28,7b,2,BARRIO DEL PUERTO,49,COSLADA,B1,Avda de España N 8,2950.4729,33.38
29,7b,1,COSLADA CENTRAL,49,COSLADA,B1,Calle del Doctor Fleming N 41,1343.4833,33.38
30,7b,2,COSLADA CENTRAL,49,COSLADA,B1,Calle del Doctor Fleming N 41,685.1082,33.38
31,7b,1,LA RAMBLA,49,COSLADA,B1,Calle   Honduras N 2,1110.1125,33.38
32,7b,2,LA RAMBLA,49,COSLADA,B1,Calle   Honduras N 2,1350.387,33.38
33,7b,1,HOSPITAL DEL HENARES,49,COSLADA,B1,Cmno del Tiro N SN,0,0
34,7b,2,HOSPITAL DEL HENARES,49,COSLADA,B1,Cmno del Tiro N SN,690.8617,33.38
35,12-1,1,LORANCA,58,FUENLABRADA,B2,Calle de la Alegría N 4,2902.405,40.53
36,12-2,1,LORANCA,58,FUENLABRADA,B2,Calle de la Alegría N 4,2277.269,40.59
37,12-1,1,HOSPITAL DE FUENLABRADA,58,FUENLABRADA,B2,Cmno del Molino N 3,2277.737,40.53
38,12-2,1,HOSPITAL DE FUENLABRADA,58,FUENLABRADA,B2,Cmno del Molino N 3,720.332,40.59
39,12-1,1,PARQUE EUROPA,58,FUENLABRADA,B2,Calle de Francia N 34,719.981,40.53
40,12-2,1,PARQUE EUROPA,58,FUENLABRADA,B2,Calle de Francia N 34,875.905,40.59
41,12-1,1,FUENLABRADA CENTRAL,58,FUENLABRADA,B2,Calle de la Vía SN SN,877.74,40.53
42,12-2,1,FUENLABRADA CENTRAL,58,FUENLABRADA,B2,Calle de la Vía SN SN,1303.514,40.59
43,12-1,1,PARQUE DE LOS ESTADOS,58,FUENLABRADA,B2,Calle de Venezuela N 2,1300.089,40.53
44,12-2,1,PARQUE DE LOS ESTADOS,58,FUENLABRADA,B2,Calle de Venezuela N 2,2720.007,40.59
45,12-1,1,ARROYO CULEBRO,65,GETAFE,B1,Paseo de Juan José Rosón N 1,2719.907,40.53
46,12-2,1,ARROYO CULEBRO,65,GETAFE,B1,Paseo de Juan José Rosón N 1,954.156,40.59
47,12-1,1,CONSERVATORIO,65,GETAFE,B1,Avda de las Arcas del Agua N 5,950.642,40.53
48,12-2,1,CONSERVATORIO,65,GETAFE,B1,Avda de las Arcas del Agua N 5,1218.564,40.59
49,12-1,1,ALONSO DE MENDOZA,65,GETAFE,B1,Calle del Greco N 6,1215.894,40.53
50,12-2,1,ALONSO DE MENDOZA,65,GETAFE,B1,Calle del Greco N 6,1311.296,40.59
51,12-1,1,GETAFE CENTRAL,65,GETAFE,B1,Calle  Ferrocarril N 2,1319.163,40.53
52,12-2,1,GETAFE CENTRAL,65,GETAFE,B1,Calle  Ferrocarril N 2,1328.239,40.59
53,12-2,1,JUAN DE LA CIERVA,65,GETAFE,B1,Avda de España N 20,1577.403,40.59
54,12-1,1,JUAN DE LA CIERVA,65,GETAFE,B1,Avda de España N 20,1323.72,40.53
55,12-2,1,EL CASAR,65,GETAFE,B1,Avda del Casar N 2,819.974,40.59
56,12-1,1,EL CASAR,65,GETAFE,B1,Avda del Casar N 2,1572.088,40.53
57,12-2,1,LOS ESPARTALES,65,GETAFE,B1,Avda   Rigoberta Menchú N 3,1199.174,40.59
58,12-1,1,LOS ESPARTALES,65,GETAFE,B1,Avda   Rigoberta Menchú N 3,817.647,40.53
59,12-2,1,EL BERCIAL,65,GETAFE,B1,Avda   Comandante José Manuel Ripollés N 4,1550.37,40.59
60,12-1,1,EL BERCIAL,65,GETAFE,B1,Avda   Comandante José Manuel Ripollés N 4,1199.883,40.53
61,12-2,1,EL CARRASCAL,74,LEGANES,B1,Avda   Rey Juan Carlos I N 85,1056.813,40.59
62,12-1,1,EL CARRASCAL,74,LEGANES,B1,Avda   Rey Juan Carlos I N 85,1544.318,40.53
63,12-1,1,JULIAN BESTEIRO,74,LEGANES,B1,Avda   Rey Juan Carlos I N 23A,1058.544,40.53
64,12-2,1,JULIAN BESTEIRO,74,LEGANES,B1,Avda   Rey Juan Carlos I N 23A,1367.971,40.59
65,12-1,1,CASA DEL RELOJ,74,LEGANES,B1,Avda   Gibraltar N 11,1363.821,40.53
66,12-2,1,CASA DEL RELOJ,74,LEGANES,B1,Avda   Gibraltar N 11,848.544,40.59
67,12-1,1,HOSPITAL SEVERO OCHOA,74,LEGANES,B1,Avda   Orellana N 3,852.28,40.53
68,12-2,1,HOSPITAL SEVERO OCHOA,74,LEGANES,B1,Avda   Orellana N 3,1089.877,40.59
69,12-1,1,LEGANES CENTRAL,74,LEGANES,B1,Calle  Virgen del Camino N 1,1100.396,40.53
70,12-2,1,LEGANES CENTRAL,74,LEGANES,B1,Calle  Virgen del Camino N 1,1170.18,40.59
71,12-1,1,SAN NICASIO,74,LEGANES,B1,Avda   Mar Mediterráneo SN SN,1164.882,40.53
72,12-2,1,SAN NICASIO,74,LEGANES,B1,Avda   Mar Mediterráneo SN SN,3368.456,40.59
73,11,2,LA FORTUNA,74,LEGANES,B1,Calle   San José N 40,0,0
74,11,1,LA FORTUNA,74,LEGANES,B1,Calle   San José N 40,2357.2088,26.52
75,1,1,SIERRA DE GUADALUPE,79,MADRID,A,Avda de la Democracia N 1,1344.99593007363,22.96
76,1,2,SIERRA DE GUADALUPE,79,MADRID,A,Avda de la Democracia N 1,482.366086617047,22.96
77,1,1,VILLA DE VALLECAS,79,MADRID,A,Paseo de Federico García Lorca N 2,483.080889681132,22.96
78,1,2,VILLA DE VALLECAS,79,MADRID,A,Paseo de Federico García Lorca N 2,804.798848625823,22.96
79,7a,1,ISLAS FILIPINAS,79,MADRID,A,Calle de Cea Bermúdez N 54,750.736,27.77
80,7a,2,ISLAS FILIPINAS,79,MADRID,A,Calle de Cea Bermúdez N 54,1459.635,27.77
81,7a,1,GUZMAN EL BUENO,79,MADRID,A,Calle de Guzmán el Bueno N 118,1468.397,27.77
82,7a,2,GUZMAN EL BUENO,79,MADRID,A,Calle de Guzmán el Bueno N 118,1123.902,27.77
83,7a,1,FRANCOS RODRIGUEZ,79,MADRID,A,Avda de Pablo Iglesias N 87,1124.824,27.77
84,7a,2,FRANCOS RODRIGUEZ,79,MADRID,A,Avda de Pablo Iglesias N 87,1210.813,27.77
85,7a,1,ANTONIO MACHADO,79,MADRID,A,Calle de Valderrodrigo N 55,886.558,27.77
86,7a,2,ANTONIO MACHADO,79,MADRID,A,Calle de Valderrodrigo N 55,660.992,27.77
87,7a,1,PEÑAGRANDE,79,MADRID,A,Cmno de Ganapanes N 35,655.011,27.77
88,7a,2,PEÑAGRANDE,79,MADRID,A,Cmno de Ganapanes N 35,550.938,27.77
89,7a,1,LACOMA,79,MADRID,A,Calle de Riscos de Polanco N 3,679.682,27.77
90,7a,2,LACOMA,79,MADRID,A,Calle de Riscos de Polanco N 3,1270.80016785791,27.77
91,7a,1,PITIS,79,MADRID,A,Ctra a la Estación de Pitis N 19,1276.08922075483,27.77
92,7a,2,PITIS,79,MADRID,A,Ctra a la Estación de Pitis N 19,0,0
93,1,1,CONGOSTO,79,MADRID,A,Calle del Congosto N 48,804.115683007007,22.96
94,1,2,CONGOSTO,79,MADRID,A,Calle del Congosto N 48,601.331659011156,22.96
95,5,1,CANILLEJAS,79,MADRID,A,Calle de Alcalá N 631,1419.7351,23.38
96,5,2,CANILLEJAS,79,MADRID,A,Calle de Alcalá N 631,983.497,23.38
97,5,1,TORRE ARIAS,79,MADRID,A,Calle de Alcalá N 557,985.045,23.38
98,5,2,TORRE ARIAS,79,MADRID,A,Calle de Alcalá N 557,784.431,23.38
99,5,1,SUANZES,79,MADRID,A,Calle de Alcalá N 527,785.008,23.38
100,5,2,SUANZES,79,MADRID,A,Calle de Alcalá N 527,943.435,23.38
101,5,1,CIUDAD LINEAL,79,MADRID,A,Calle de Arturo Soria N 2,943.039,23.38
102,5,2,CIUDAD LINEAL,79,MADRID,A,Calle de Arturo Soria N 2,540.268,23.38
103,5,1,PUEBLO NUEVO,79,MADRID,A,Calle de Alcalá N 372,539.239,23.38
104,5,2,PUEBLO NUEVO,79,MADRID,A,Calle de Alcalá N 372,529.166,23.38
105,5,1,QUINTANA,79,MADRID,A,Calle de la Virgen del Sagrario N 2,530.192,23.38
106,5,2,QUINTANA,79,MADRID,A,Calle de la Virgen del Sagrario N 2,713.243,23.38
107,5,1,EL CARMEN,79,MADRID,A,Calle de Raquel Méller N 2,713.966,23.38
108,5,2,EL CARMEN,79,MADRID,A,Calle de Raquel Méller N 2,694.314,23.38
109,5,1,VENTAS,79,MADRID,A,Calle de Alcalá N 204,697.93,23.38
110,5,2,VENTAS,79,MADRID,A,Calle de Alcalá N 204,877.005,23.38
111,5,1,NUÑEZ DE BALBOA,79,MADRID,A,Calle de Juan Bravo N 20,669.974,23.38
112,5,2,NUÑEZ DE BALBOA,79,MADRID,A,Calle de Juan Bravo N 20,668.393,23.38
113,5,1,RUBEN DARIO,79,MADRID,A,Paseo de Eduardo Dato N 33,667.161,23.38
114,5,2,RUBEN DARIO,79,MADRID,A,Paseo de Eduardo Dato N 33,704.856,23.38
115,5,1,ALONSO MARTINEZ,79,MADRID,A,Calle de Almagro N 4,700.584,23.38
116,5,2,ALONSO MARTINEZ,79,MADRID,A,Calle de Almagro N 4,713.881,23.38
117,5,1,CHUECA,79,MADRID,A,Plaza de Chueca N 7,712.497,23.38
118,5,2,CHUECA,79,MADRID,A,Plaza de Chueca N 7,463.803,23.38
119,5,1,GRAN VIA,79,MADRID,A,Calle   Gran Vía N 23,469.881,23.38
120,5,2,GRAN VIA,79,MADRID,A,Calle   Gran Vía N 23,342.979,23.38
121,3,1,DELICIAS,79,MADRID,A,Paseo de las Delicias N 60,738.111558332,24.99
122,3,2,DELICIAS,79,MADRID,A,Paseo de las Delicias N 60,539.501809962922,24.99
123,3,1,PALOS DE LA FRONTERA,79,MADRID,A,Calle de Palos de la Frontera N 33,532.812252203822,24.99
124,3,2,PALOS DE LA FRONTERA,79,MADRID,A,Calle de Palos de la Frontera N 33,772.840831891391,24.99
125,3,1,EMBAJADORES,79,MADRID,A,Gta de Embajadores N 10,779.545767460873,24.99
126,3,2,EMBAJADORES,79,MADRID,A,Gta de Embajadores N 10,460.11580961564,24.99
127,3,1,SOL,79,MADRID,A,Plaza de la Puerta del Sol N 6,952.862648622358,24.99
128,3,2,SOL,79,MADRID,A,Plaza de la Puerta del Sol N 6,450.649221475184,24.99
129,3,1,CALLAO,79,MADRID,A,Plaza del Callao N 3,450.74735397638,24.99
130,3,2,CALLAO,79,MADRID,A,Plaza del Callao N 3,567.048156411944,24.99
131,3,1,VENTURA RODRIGUEZ,79,MADRID,A,Calle de la Princesa N 22,461.140040132393,24.99
132,3,2,VENTURA RODRIGUEZ,79,MADRID,A,Calle de la Princesa N 22,459.936210904174,24.99
133,3,1,LEGAZPI,79,MADRID,A,Plaza de Legazpi N 2B,1065.5137,24.99
134,3,2,LEGAZPI,79,MADRID,A,Plaza de Legazpi N 2B,738.235711858957,24.99
135,3,1,MONCLOA,79,MADRID,A,Plaza de la Moncloa N 1,632.8537,24.99
136,3,2,MONCLOA,79,MADRID,A,Plaza de la Moncloa N 1,0,0
137,4,1,ARGÜELLES,79,MADRID,A,Calle de Alberto Aguilera N 72,0,0
138,4,2,ARGÜELLES,79,MADRID,A,Calle de Alberto Aguilera N 72,814.9617,22.42
139,4,1,BILBAO,79,MADRID,A,Calle de Sagasta N 5,389.764444498609,22.42
140,4,2,BILBAO,79,MADRID,A,Calle de Sagasta N 5,446.02,22.42
141,4,1,ALONSO MARTINEZ,79,MADRID,A,Plaza de Alonso Martínez N 4,446.976218515561,22.42
142,4,2,ALONSO MARTINEZ,79,MADRID,A,Plaza de Alonso Martínez N 4,368.236,22.42
143,4,1,SERRANO,79,MADRID,A,Calle de Goya N 19,497.659,22.42
144,4,2,SERRANO,79,MADRID,A,Calle de Goya N 19,362.515,22.42
145,2,1,OPERA,79,MADRID,A,Plaza de Isabel II N 9,505.944,24.22
146,2,2,OPERA,79,MADRID,A,Plaza de Isabel II N 9,429.916,24.22
147,1,1,BUENOS AIRES,79,MADRID,A,Avda de la Albufera N 179,557.872010656952,22.96
148,1,2,BUENOS AIRES,79,MADRID,A,Avda de la Albufera N 179,652.304820886954,22.96
149,1,1,MIGUEL HERNANDEZ,79,MADRID,A,Calle de León Felipe N 4A,627.765533978312,22.96
150,1,2,MIGUEL HERNANDEZ,79,MADRID,A,Calle de León Felipe N 4A,1343.05274455404,22.96
151,2,1,NOVICIADO,79,MADRID,A,Calle de San Bernardo N 49,401.712,24.22
152,2,2,NOVICIADO,79,MADRID,A,Calle de San Bernardo N 49,626.276,24.22
153,2,1,SAN BERNARDO,79,MADRID,A,Calle de San Bernardo N 94,627.705,24.22
154,2,2,SAN BERNARDO,79,MADRID,A,Calle de San Bernardo N 94,297.348,24.22
155,2,1,CANAL,79,MADRID,A,Calle de Bravo Murillo N 40,706.852,24.22
156,2,2,CANAL,79,MADRID,A,Calle de Bravo Murillo N 40,748.109,24.22
157,2,1,VENTAS,79,MADRID,A,Calle de Alcalá N 204,1275.527,24.22
158,2,2,VENTAS,79,MADRID,A,Calle de Alcalá N 204,628.374,24.22
159,2,1,MANUEL BECERRA,79,MADRID,A,Plaza de Manuel Becerra N 1,627.83,24.22
160,2,2,MANUEL BECERRA,79,MADRID,A,Plaza de Manuel Becerra N 1,629.646,24.22
161,2,1,PRINCIPE DE VERGARA,79,MADRID,A,Calle de Alcalá N 123,407.951,24.22
162,2,2,PRINCIPE DE VERGARA,79,MADRID,A,Calle de Alcalá N 123,542.249,24.22
163,2,1,RETIRO,79,MADRID,A,Calle de Alcalá N 81,543.72,24.22
164,2,2,RETIRO,79,MADRID,A,Calle de Alcalá N 81,747.165,24.22
165,2,1,SOL,79,MADRID,A,Plaza de la Puerta del Sol N 6,339.782,24.22
166,2,2,SOL,79,MADRID,A,Plaza de la Puerta del Sol N 6,501.307,24.22
167,R,1,PRINCIPE PIO,79,MADRID,A,Paseo de la Florida N 2,994.453,19.001
168,R,2,PRINCIPE PIO,79,MADRID,A,Paseo de la Florida N 2,0,0
169,1,2,PLAZA DE CASTILLA,79,MADRID,A,Paseo de la Castellana N 189,512.648642178941,22.96
170,1,1,PLAZA DE CASTILLA,79,MADRID,A,Paseo de la Castellana N 189,1190.463,22.96
171,1,2,VALDEACEDERAS,79,MADRID,A,Calle de Bravo Murillo N 332,562.896386764196,22.96
172,1,1,VALDEACEDERAS,79,MADRID,A,Calle de Bravo Murillo N 332,514.395281290021,22.96
173,1,2,ESTRECHO,79,MADRID,A,Calle de Bravo Murillo N 191,537.544843317246,22.96
174,1,1,ESTRECHO,79,MADRID,A,Calle de Bravo Murillo N 191,755.642790028494,22.96
175,1,2,CUATRO CAMINOS,79,MADRID,A,Gta de Cuatro Caminos N 2,508.845996173937,22.96
176,1,1,CUATRO CAMINOS,79,MADRID,A,Gta de Cuatro Caminos N 2,448.179819419585,22.96
177,1,2,RIOS ROSAS,79,MADRID,A,Calle de Ríos Rosas N 22,745.688417126245,22.96
178,1,1,RIOS ROSAS,79,MADRID,A,Calle de Ríos Rosas N 22,510.403207934831,22.96
179,1,1,BILBAO,79,MADRID,A,Calle de Sagasta N 2,715.985986487508,22.96
180,1,2,BILBAO,79,MADRID,A,Calle de Sagasta N 2,463.782249025705,22.96
181,1,1,TRIBUNAL,79,MADRID,A,Calle de Fuencarral N 81,459.654038249673,22.96
182,1,2,TRIBUNAL,79,MADRID,A,Calle de Fuencarral N 81,710.625568014354,22.96
183,1,1,GRAN VIA,79,MADRID,A,Calle   Gran Vía N 23,712.569829882504,22.96
184,1,2,GRAN VIA,79,MADRID,A,Calle   Gran Vía N 23,340.243529150148,22.96
185,1,1,SOL,79,MADRID,A,Plaza de la Puerta del Sol N 6,331.172249805635,22.96
186,1,2,SOL,79,MADRID,A,Plaza de la Puerta del Sol N 6,655.299125693662,22.96
187,1,1,TIRSO DE MOLINA,79,MADRID,A,Plaza de Tirso de Molina N 7,655.275158437598,22.96
188,1,2,TIRSO DE MOLINA,79,MADRID,A,Plaza de Tirso de Molina N 7,502.131526121804,22.96
189,1,1,ANTON MARTIN,79,MADRID,A,Calle de Atocha N 50,505.299443064092,22.96
190,1,2,ANTON MARTIN,79,MADRID,A,Calle de Atocha N 50,674.97041171307,22.96
191,1,1,ATOCHA,79,MADRID,A,Plaza del Emperador Carlos V N 11,674.9789044664,22.96
192,1,2,ATOCHA,79,MADRID,A,Plaza del Emperador Carlos V N 11,308.423956010122,22.96
193,1,1,ATOCHA RENFE,79,MADRID,A,Avda de la Ciudad de Barcelona N 2B,308.981287298045,22.96
194,1,2,ATOCHA RENFE,79,MADRID,A,Avda de la Ciudad de Barcelona N 2B,702.786949584886,22.96
195,1,1,MENENDEZ PELAYO,79,MADRID,A,Avda de la Ciudad de Barcelona N 23,701.876867823958,22.96
196,1,2,MENENDEZ PELAYO,79,MADRID,A,Avda de la Ciudad de Barcelona N 23,538.623069832559,22.96
197,1,1,PACIFICO,79,MADRID,A,Avda de la Ciudad de Barcelona N 79,539.783078267116,22.96
198,1,2,PACIFICO,79,MADRID,A,Avda de la Ciudad de Barcelona N 79,713.31948755965,22.96
199,1,1,PUENTE DE VALLECAS,79,MADRID,A,Avda de la Albufera N 1,712.551579746634,22.96
200,1,2,PUENTE DE VALLECAS,79,MADRID,A,Avda de la Albufera N 1,471.115883324982,22.96
201,10a,1,PLAZA DE ESPAÑA,79,MADRID,A,Calle de los Reyes N 10,665.824018664706,31.12
202,10a,2,PLAZA DE ESPAÑA,79,MADRID,A,Calle de los Reyes N 10,937.473,31.12
203,10a,1,PRINCIPE PIO,79,MADRID,A,Paseo de la Florida N 2,907.874145680392,31.12
204,10a,2,PRINCIPE PIO,79,MADRID,A,Paseo de la Florida N 2,1538.79,31.12
205,10a,1,LAGO,79,MADRID,A,Ronda del Lago N 3,1766.07477408003,31.12
206,10a,2,LAGO,79,MADRID,A,Ronda del Lago N 3,1920.437,31.12
207,10a,1,BATAN,79,MADRID,A,Paseo de la Venta N 1,1918.45850846236,31.12
208,10a,2,BATAN,79,MADRID,A,Paseo de la Venta N 1,928.354,31.12
209,10a,1,CASA DE CAMPO,79,MADRID,A,Paseo de la Venta N SN,921.38581770468,31.12
210,10a,2,CASA DE CAMPO,79,MADRID,A,Paseo de la Venta N SN,1304.781,31.12
211,10a,1,COLONIA JARDIN,79,MADRID,A,Calle de Arenas de San Pedro N 2,1310.47638421292,31.12
212,10a,2,COLONIA JARDIN,79,MADRID,A,Calle de Arenas de San Pedro N 2,1719.862,31.12
213,11,1,PLAZA ELIPTICA,79,MADRID,A,Plaza de Fernández Ladreda N 2,0,0
214,11,2,PLAZA ELIPTICA,79,MADRID,A,Plaza de Fernández Ladreda N 2,900.485,26.52
215,11,1,ABRANTES,79,MADRID,A,Avda de Abrantes N 77,899.641,26.52
216,11,2,ABRANTES,79,MADRID,A,Avda de Abrantes N 77,783.074,26.52
217,11,1,PAN BENDITO,79,MADRID,A,Avda de Abrantes N 289,783.737,26.52
218,11,2,PAN BENDITO,79,MADRID,A,Avda de Abrantes N 289,587.013,26.52
219,10a,1,NUEVOS MINISTERIOS,79,MADRID,A,Calle de Raimundo Fernández Villaverde N 67,792.146023988993,31.12
220,10a,2,NUEVOS MINISTERIOS,79,MADRID,A,Calle de Raimundo Fernández Villaverde N 67,869.352,31.12
221,10a,1,GREGORIO MARAÑON,79,MADRID,A,Calle de Miguel Ángel N 29,869.126023533196,31.12
222,10a,2,GREGORIO MARAÑON,79,MADRID,A,Calle de Miguel Ángel N 29,1137.306,31.12
223,10a,1,ALONSO MARTINEZ,79,MADRID,A,Calle de Manuel González Longoria N 14,1141.36249995216,31.12
224,10a,2,ALONSO MARTINEZ,79,MADRID,A,Calle de Manuel González Longoria N 14,596.593,31.12
225,10a,1,TRIBUNAL,79,MADRID,A,Calle de la Palma N 5,598.979563355943,31.12
226,10a,2,TRIBUNAL,79,MADRID,A,Calle de la Palma N 5,665.992,31.12
227,9A,1,BARRIO DEL PILAR,79,MADRID,A,Calle de Ginzo de Limia N 22,966.563,26.81
228,9A,2,BARRIO DEL PILAR,79,MADRID,A,Calle de Ginzo de Limia N 22,1029.825,26.81
229,9A,1,VENTILLA,79,MADRID,A,Avda de Asturias N 39,1027.091,26.81
230,9A,2,VENTILLA,79,MADRID,A,Avda de Asturias N 39,882.344,26.81
231,9A,1,PLAZA DE CASTILLA,79,MADRID,A,Paseo de la Castellana N 189,874.877,26.81
232,9A,2,PLAZA DE CASTILLA,79,MADRID,A,Paseo de la Castellana N 189,614.556,26.81
233,9A,1,DUQUE DE PASTRANA,79,MADRID,A,Calle de Mateo Inurria N 41,617.12,26.81
234,9A,2,DUQUE DE PASTRANA,79,MADRID,A,Calle de Mateo Inurria N 41,743.838,26.81
235,9A,1,PIO XII,79,MADRID,A,Avda de Pío XII N 27,753.186,26.81
236,9A,2,PIO XII,79,MADRID,A,Avda de Pío XII N 27,704.643,26.81
237,9A,1,COLOMBIA,79,MADRID,A,Calle del Príncipe de Vergara N 269,704.36,26.81
238,9A,2,COLOMBIA,79,MADRID,A,Calle del Príncipe de Vergara N 269,724.87,26.81
239,9A,1,CONCHA ESPINA,79,MADRID,A,Calle del Príncipe de Vergara N 210,724.578,26.81
240,9A,2,CONCHA ESPINA,79,MADRID,A,Calle del Príncipe de Vergara N 210,718.474,26.81
241,9A,1,CRUZ DEL RAYO,79,MADRID,A,Calle del Príncipe de Vergara N 138,718.335,26.81
242,9A,2,CRUZ DEL RAYO,79,MADRID,A,Calle del Príncipe de Vergara N 138,709.968,26.81
243,9A,1,AVENIDA DE AMERICA,79,MADRID,A,Avda de América N 9A,709.73,26.81
244,9A,2,AVENIDA DE AMERICA,79,MADRID,A,Avda de América N 9A,727.497,26.81
245,9A,1,PRINCIPE DE VERGARA,79,MADRID,A,Calle del Príncipe de Vergara N 12,825.731,26.81
246,9A,2,PRINCIPE DE VERGARA,79,MADRID,A,Calle del Príncipe de Vergara N 12,719.766,26.81
247,9A,1,IBIZA,79,MADRID,A,Calle de Ibiza N 1,718.542,26.81
248,9A,2,IBIZA,79,MADRID,A,Calle de Ibiza N 1,958.999,26.81
249,9A,1,SAINZ DE BARANDA,79,MADRID,A,Calle del Doctor Esquerdo N 103,951.661,26.81
250,9A,2,SAINZ DE BARANDA,79,MADRID,A,Calle del Doctor Esquerdo N 103,837.984,26.81
251,9A,1,ESTRELLA,79,MADRID,A,Calle del Camino de los Vinateros N 1,840.255,26.81
252,9A,2,ESTRELLA,79,MADRID,A,Calle del Camino de los Vinateros N 1,904.737,26.81
253,9A,1,VINATEROS,79,MADRID,A,Calle del Camino de los Vinateros N 70,905.122,26.81
254,9A,2,VINATEROS,79,MADRID,A,Calle del Camino de los Vinateros N 70,851.189,26.81
255,9A,1,ARTILLEROS,79,MADRID,A,Calle del Camino de los Vinateros N 210,853.276,26.81
256,9A,2,ARTILLEROS,79,MADRID,A,Calle del Camino de los Vinateros N 210,940.51,26.81
257,9A,1,PAVONES,79,MADRID,A,Calle de la Hacienda de Pavones N 342,938.025,26.81
258,9A,2,PAVONES,79,MADRID,A,Calle de la Hacienda de Pavones N 342,1417.659,26.81
259,9A,1,VALDEBERNARDO,79,MADRID,A,Bulv de Indalecio Prieto N 26,1412.685,26.81
260,9A,2,VALDEBERNARDO,79,MADRID,A,Bulv de Indalecio Prieto N 26,1381.312,26.81
261,9A,1,VICALVARO,79,MADRID,A,Calle de San Cipriano N 11,1384.662,26.81
262,9A,2,VICALVARO,79,MADRID,A,Calle de San Cipriano N 11,512.747,26.81
263,9A,2,SAN CIPRIANO,79,MADRID,A,Calle de San Cipriano N 68,648.056,26.81
264,9A,1,SAN CIPRIANO,79,MADRID,A,Calle de San Cipriano N 68,512.031,26.81
265,9B,1,PUERTA DE ARGANDA,79,MADRID,A,Calle de San Cipriano N 85,0,0
266,9B,2,PUERTA DE ARGANDA,79,MADRID,A,Calle de San Cipriano N 85,5750.268,54.34
267,9A,1,PUERTA DE ARGANDA,79,MADRID,A,Calle de San Cipriano N 85,652.745,26.81
268,9A,2,PUERTA DE ARGANDA,79,MADRID,A,Calle de San Cipriano N 85,0,26.81
269,10a,1,FUENCARRAL,79,MADRID,A,Calle de la Fuente Chica N 21,774.06427894722,31.12
270,10a,2,FUENCARRAL,79,MADRID,A,Calle de la Fuente Chica N 21,1427.681,31.12
271,10a,1,BEGOÑA,79,MADRID,A,Paseo de la Castellana N 261,1426.99357283185,31.12
272,10a,2,BEGOÑA,79,MADRID,A,Paseo de la Castellana N 261,1028.301,31.12
273,10a,1,CHAMARTIN,79,MADRID,A,Calle de Agustín de Foxá N 40,1032.49338775444,31.12
274,10a,2,CHAMARTIN,79,MADRID,A,Calle de Agustín de Foxá N 40,838.479,31.12
275,10a,1,CUZCO,79,MADRID,A,Paseo de la Castellana N 162,914.896410323932,31.12
276,10a,2,CUZCO,79,MADRID,A,Paseo de la Castellana N 162,795.975,31.12
277,10a,1,SANTIAGO BERNABEU,79,MADRID,A,Paseo de la Castellana N 97,796.313120967398,31.12
278,10a,2,SANTIAGO BERNABEU,79,MADRID,A,Paseo de la Castellana N 97,792.513,31.12
279,6-1,1,GUZMAN EL BUENO,79,MADRID,A,Calle de Guzmán el Bueno N 118,744.435,25.65
280,6-2,1,GUZMAN EL BUENO,79,MADRID,A,Calle de Guzmán el Bueno N 118,635.697,25.57
281,6-1,1,CUATRO CAMINOS,79,MADRID,A,Gta de Cuatro Caminos N 9,760.84,25.65
282,6-2,1,CUATRO CAMINOS,79,MADRID,A,Gta de Cuatro Caminos N 9,747.424,25.57
283,6-1,1,METROPOLITANO,79,MADRID,A,Avda de Gregorio del Amo N 4,637.731,25.65
284,6-2,1,METROPOLITANO,79,MADRID,A,Avda de Gregorio del Amo N 4,695.387,25.57
285,6-1,1,MONCLOA,79,MADRID,A,Paseo de Moret N 1,1310.347,25.65
286,6-2,1,MONCLOA,79,MADRID,A,Paseo de Moret N 1,551.606,25.57
287,6-1,1,ARGÜELLES,79,MADRID,A,Calle de Alberto Aguilera N 72,553.161,25.65
288,6-2,1,ARGÜELLES,79,MADRID,A,Calle de Alberto Aguilera N 72,1353.567,25.57
289,6-1,1,PRINCIPE PIO,79,MADRID,A,Paseo de la Florida N 2,1354.014,25.65
290,6-2,1,PRINCIPE PIO,79,MADRID,A,Paseo de la Florida N 2,1132.651,25.57
291,6-1,1,PUERTA DEL ANGEL,79,MADRID,A,Paseo de Extremadura N 26,1140.39,25.65
292,6-2,1,PUERTA DEL ANGEL,79,MADRID,A,Paseo de Extremadura N 26,1034.391,25.57
293,6-1,1,ALTO DE EXTREMADURA,79,MADRID,A,Paseo de Extremadura N 154,1032.064,25.65
294,6-2,1,ALTO DE EXTREMADURA,79,MADRID,A,Paseo de Extremadura N 154,941.598,25.57
295,6-1,1,LUCERO,79,MADRID,A,Calle de las Higueras N 47,937.219,25.65
296,6-2,1,LUCERO,79,MADRID,A,Calle de las Higueras N 47,784.884,25.57
297,7a,1,LAS MUSAS,79,MADRID,A,Avda de Niza N 61,1053.3618,27.77
298,7a,2,LAS MUSAS,79,MADRID,A,Avda de Niza N 61,866.723,27.77
299,7a,1,SAN BLAS,79,MADRID,A,Calle de Pobladura del Valle N 27,869.567,27.77
300,7a,2,SAN BLAS,79,MADRID,A,Calle de Pobladura del Valle N 27,839.048,27.77
301,7a,1,SIMANCAS,79,MADRID,A,Calle del Castillo de Madrigal de las Altas Torres N 15,843.958,27.77
302,7a,2,SIMANCAS,79,MADRID,A,Calle del Castillo de Madrigal de las Altas Torres N 15,813.718,27.77
303,7a,1,ASCAO,79,MADRID,A,Calle de Ascao N 29,788.088,27.77
304,7a,2,ASCAO,79,MADRID,A,Calle de Ascao N 29,706.655,27.77
305,7a,1,PUEBLO NUEVO,79,MADRID,A,Calle de Alcalá N 372,706.009,27.77
306,7a,2,PUEBLO NUEVO,79,MADRID,A,Calle de Alcalá N 372,983.841,27.77
307,7a,1,PARQUE DE LAS AVENIDAS,79,MADRID,A,Avda de Bruselas N 56,925.965,27.77
308,7a,2,PARQUE DE LAS AVENIDAS,79,MADRID,A,Avda de Bruselas N 56,725.644,27.77
309,7a,1,CARTAGENA,79,MADRID,A,Avda de América N 35,720.828,27.77
310,7a,2,CARTAGENA,79,MADRID,A,Avda de América N 35,709.802,27.77
311,7a,1,AVENIDA DE AMERICA,79,MADRID,A,Avda de América N 9A,718.249,27.77
312,7a,2,AVENIDA DE AMERICA,79,MADRID,A,Avda de América N 9A,1103.585,27.77
313,7a,1,CANAL,79,MADRID,A,Calle de Cea Bermúdez N 1,479.786,27.77
314,7a,2,CANAL,79,MADRID,A,Calle de Cea Bermúdez N 1,750.381,27.77
315,8,1,CAMPO DE LAS NACIONES,79,MADRID,A,Avda del Partenón N 5,2214.535,43.29
316,8,2,CAMPO DE LAS NACIONES,79,MADRID,A,Avda del Partenón N 5,4064.644,43.29
317,9A,1,HERRERA ORIA,79,MADRID,A,Calle de Valencia de Don Juan N 1,1213.2967,26.81
318,9A,2,HERRERA ORIA,79,MADRID,A,Calle de Valencia de Don Juan N 1,962.976,26.81
319,5,1,OPERA,79,MADRID,A,Plaza de Isabel II N 9,496.399,23.38
320,5,2,OPERA,79,MADRID,A,Plaza de Isabel II N 9,752.544,23.38
321,5,1,PUERTA DE TOLEDO,79,MADRID,A,Gta de Puerta de Toledo N 1,597.455,23.38
322,5,2,PUERTA DE TOLEDO,79,MADRID,A,Gta de Puerta de Toledo N 1,881.582,23.38
323,6-1,1,LAGUNA,79,MADRID,A,Calle de Cuart de Poblet N 1,0,0
324,6-1,1,LAGUNA,79,MADRID,A,Calle de Cuart de Poblet N 1,783.114,25.65
325,6-2,1,LAGUNA,79,MADRID,A,Calle de Cuart de Poblet N 1,0,0
326,6-2,1,LAGUNA,79,MADRID,A,Calle de Cuart de Poblet N 1,691.095,25.57
327,6-1,1,CARPETANA,79,MADRID,A,Calle   Vía Carpetana N 141,688.044,25.65
328,6-2,1,CARPETANA,79,MADRID,A,Calle   Vía Carpetana N 141,896.849,25.57
329,6-1,1,OPAÑEL,79,MADRID,A,Calle del Valle de Oro N 50A,765.092,25.65
330,6-2,1,OPAÑEL,79,MADRID,A,Calle del Valle de Oro N 50A,689.24,25.57
331,6-1,1,PLAZA ELIPTICA,79,MADRID,A,Plaza de Fernández Ladreda N 2,687.474,25.65
332,6-2,1,PLAZA ELIPTICA,79,MADRID,A,Plaza de Fernández Ladreda N 2,961.72,25.57
333,6-1,1,LEGAZPI,79,MADRID,A,Plaza de Legazpi N 2B,989.922,25.65
334,6-2,1,LEGAZPI,79,MADRID,A,Plaza de Legazpi N 2B,546.851,25.57
335,6-1,1,MENDEZ ALVARO,79,MADRID,A,Calle del Ombu N 16,900.391,25.65
336,6-2,1,MENDEZ ALVARO,79,MADRID,A,Calle del Ombu N 16,863.781,25.57
337,6-1,1,PACIFICO,79,MADRID,A,Calle de Andalucía N 2,860.972,25.65
338,6-2,1,PACIFICO,79,MADRID,A,Calle de Andalucía N 2,738.214,25.57
339,6-1,1,CONDE DE CASAL,79,MADRID,A,Plaza del Conde de Casal N 3,734.787,25.65
340,6-2,1,CONDE DE CASAL,79,MADRID,A,Plaza del Conde de Casal N 3,829.025,25.57
341,5,1,PIRAMIDES,79,MADRID,A,Paseo del Doctor Vallejo Nágera N 37,552.653,23.38
342,5,2,PIRAMIDES,79,MADRID,A,Paseo del Doctor Vallejo Nágera N 37,757.87,23.38
343,5,1,MARQUES DE VADILLO,79,MADRID,A,Gta del Marqués de Vadillo N 4,758.424,23.38
344,5,2,MARQUES DE VADILLO,79,MADRID,A,Gta del Marqués de Vadillo N 4,764.067,23.38
345,5,1,URGEL,79,MADRID,A,Calle del Camino Viejo de Leganés N 1,764.61,23.38
346,5,2,URGEL,79,MADRID,A,Calle del Camino Viejo de Leganés N 1,658.915,23.38
347,5,1,OPORTO,79,MADRID,A,Gta del Valle de Oro N 13,658.234,23.38
348,5,2,OPORTO,79,MADRID,A,Gta del Valle de Oro N 13,729.981,23.38
349,5,1,VISTA ALEGRE,79,MADRID,A,Calle de la Oca N 74,731.653,23.38
350,5,2,VISTA ALEGRE,79,MADRID,A,Calle de la Oca N 74,625.196,23.38
351,5,1,CARABANCHEL,79,MADRID,A,Gta del Ejército N 1,623.79,23.38
352,5,2,CARABANCHEL,79,MADRID,A,Gta del Ejército N 1,590.696,23.38
353,6-1,1,O'DONNELL,79,MADRID,A,Calle del Doctor Esquerdo N 47,759.713,25.65
354,6-2,1,O'DONNELL,79,MADRID,A,Calle del Doctor Esquerdo N 47,616.142,25.57
355,6-1,1,MANUEL BECERRA,79,MADRID,A,Plaza de Manuel Becerra N 1,615.636,25.65
356,6-2,1,MANUEL BECERRA,79,MADRID,A,Plaza de Manuel Becerra N 1,741.857,25.57
357,6-1,1,DIEGO DE LEON,79,MADRID,A,Calle de Francisco Silvela N 47,737.324,25.65
358,6-2,1,DIEGO DE LEON,79,MADRID,A,Calle de Francisco Silvela N 47,698.742,25.57
359,6-1,1,AVENIDA DE AMERICA,79,MADRID,A,Avda de América N 9A,698.133,25.65
360,6-2,1,AVENIDA DE AMERICA,79,MADRID,A,Avda de América N 9A,878.476,25.57
361,6-1,1,REPUBLICA ARGENTINA,79,MADRID,A,Calle de Joaquín Costa N 24,879.521,25.65
362,6-2,1,REPUBLICA ARGENTINA,79,MADRID,A,Calle de Joaquín Costa N 24,957.069,25.57
363,6-1,1,NUEVOS MINISTERIOS,79,MADRID,A,Calle de Raimundo Fernández Villaverde N 67,952.678,25.65
364,6-2,1,NUEVOS MINISTERIOS,79,MADRID,A,Calle de Raimundo Fernández Villaverde N 67,760.719,25.57
365,4,1,GOYA,79,MADRID,A,Calle de Goya N 68,488.21,22.42
366,4,2,GOYA,79,MADRID,A,Calle de Goya N 68,575.028,22.42
367,4,1,VELAZQUEZ,79,MADRID,A,Calle de Núñez de Balboa N 33,362.51,22.42
368,4,2,VELAZQUEZ,79,MADRID,A,Calle de Núñez de Balboa N 33,487.732,22.42
369,4,1,LISTA,79,MADRID,A,Calle del Conde de Peñalver N 45,558.569,22.42
370,4,2,LISTA,79,MADRID,A,Calle del Conde de Peñalver N 45,559.377,22.42
371,4,1,DIEGO DE LEON,79,MADRID,A,Calle de Diego de León N 69,559.484,22.42
372,4,2,DIEGO DE LEON,79,MADRID,A,Calle de Diego de León N 69,515.609,22.42
373,4,1,AVENIDA DE AMERICA,79,MADRID,A,Avda de América N 9A,512.458,22.42
374,4,2,AVENIDA DE AMERICA,79,MADRID,A,Avda de América N 9A,779.382,22.42
375,4,1,PROSPERIDAD,79,MADRID,A,Plaza de la Prosperidad N 4,785.926,22.42
376,4,2,PROSPERIDAD,79,MADRID,A,Plaza de la Prosperidad N 4,853.481,22.42
377,4,1,ALFONSO XIII,79,MADRID,A,Calle de López de Hoyos N 190,854.036,22.42
378,4,2,ALFONSO XIII,79,MADRID,A,Calle de López de Hoyos N 190,636.071,22.42
379,4,1,ARTURO SORIA,79,MADRID,A,Calle de Arturo Soria N 172,756.004,22.42
380,4,2,ARTURO SORIA,79,MADRID,A,Calle de Arturo Soria N 172,829.154,22.42
381,4,1,ESPERANZA,79,MADRID,A,Calle de Andorra N 51,832.943,22.42
382,4,2,ESPERANZA,79,MADRID,A,Calle de Andorra N 51,1287.101,22.42
383,4,1,CANILLAS,79,MADRID,A,Avda de Machupichu N 64,1279.047,22.42
384,4,2,CANILLAS,79,MADRID,A,Avda de Machupichu N 64,638.828,22.42
385,4,1,MAR DE CRISTAL,79,MADRID,A,Gta del Mar de Cristal N 1B,638.119,22.42
386,4,2,MAR DE CRISTAL,79,MADRID,A,Gta del Mar de Cristal N 1B,473.475,22.42
387,4,1,SAN LORENZO,79,MADRID,A,Avda de la Barranquilla N 9,475.162328033171,22.42
388,4,2,SAN LORENZO,79,MADRID,A,Avda de la Barranquilla N 9,695.369,22.42
389,4,1,PARQUE DE SANTA MARIA,79,MADRID,A,Calle de Santa Virgilia N 1,688.716995836895,22.42
390,4,2,PARQUE DE SANTA MARIA,79,MADRID,A,Calle de Santa Virgilia N 1,776.977425687897,22.42
391,3,1,LAVAPIES,79,MADRID,A,Plaza de Lavapiés N 7,456.290867837189,24.99
392,3,2,LAVAPIES,79,MADRID,A,Plaza de Lavapiés N 7,951.423314994689,24.99
393,3,1,PLAZA DE ESPAÑA,79,MADRID,A,Plaza de España N 1,566.674148102291,24.99
394,3,2,PLAZA DE ESPAÑA,79,MADRID,A,Plaza de España N 1,460.924788090876,24.99
395,4,1,SAN BERNARDO,79,MADRID,A,Gta de Ruiz Jiménez N 5,814.147899981132,22.42
396,4,2,SAN BERNARDO,79,MADRID,A,Gta de Ruiz Jiménez N 5,389.8528,22.42
397,4,1,COLON,79,MADRID,A,Plaza de Colón N 2,369.364,22.42
398,4,2,COLON,79,MADRID,A,Plaza de Colón N 2,500.779,22.42
399,1,1,NUEVA NUMANCIA,79,MADRID,A,Avda de la Albufera N 70,471.776320047248,22.96
400,1,2,NUEVA NUMANCIA,79,MADRID,A,Avda de la Albufera N 70,579.662268205629,22.96
401,1,1,ALTO DEL ARENAL,79,MADRID,A,Calle de Santillana del Mar N 21,654.793467862784,22.96
402,1,2,ALTO DEL ARENAL,79,MADRID,A,Calle de Santillana del Mar N 21,627.63554515778,22.96
403,2,1,SANTO DOMINGO,79,MADRID,A,Calle de San Bernardo N 11,436.102,24.22
404,2,2,SANTO DOMINGO,79,MADRID,A,Calle de San Bernardo N 11,403.827,24.22
405,2,1,QUEVEDO,79,MADRID,A,Gta de Quevedo N 1,296.626,24.22
406,2,2,QUEVEDO,79,MADRID,A,Gta de Quevedo N 1,707.45,24.22
407,2,1,CUATRO CAMINOS,79,MADRID,A,Gta de Cuatro Caminos N 10,748.273,24.22
408,2,2,CUATRO CAMINOS,79,MADRID,A,Gta de Cuatro Caminos N 10,0,0
409,2,1,GOYA,79,MADRID,A,Calle de Alcalá N 96,631.042,24.22
410,2,2,GOYA,79,MADRID,A,Calle de Alcalá N 96,408.935,24.22
411,2,1,BANCO DE ESPAÑA,79,MADRID,A,Calle de Alcalá N 49,747.072,24.22
412,2,2,BANCO DE ESPAÑA,79,MADRID,A,Calle de Alcalá N 49,450.957,24.22
413,2,1,SEVILLA,79,MADRID,A,Calle de Alcalá N 23,450.157,24.22
414,2,2,SEVILLA,79,MADRID,A,Calle de Alcalá N 23,339.367,24.22
415,R,1,OPERA,79,MADRID,A,Plaza de Isabel II N 9,0,0
416,R,2,OPERA,79,MADRID,A,Plaza de Isabel II N 9,980.626,19.001
417,1,2,TETUAN,79,MADRID,A,Calle de Bravo Murillo N 264,756.859637435045,22.96
418,1,1,TETUAN,79,MADRID,A,Calle de Bravo Murillo N 264,560.104415828306,22.96
419,1,2,ALVARADO,79,MADRID,A,Calle de Bravo Murillo N 138,450.806719380189,22.96
420,1,1,ALVARADO,79,MADRID,A,Calle de Bravo Murillo N 138,537.532393180297,22.96
421,1,1,IGLESIA,79,MADRID,A,Gta del Pintor Sorolla N 2,744.950392363964,22.96
422,1,2,IGLESIA,79,MADRID,A,Gta del Pintor Sorolla N 2,711.176805071924,22.96
423,8,1,AEROPUERTO T1 T2 T3,79,MADRID,A,Avda de la Hispanidad N SN,4057.627,43.29
424,8,2,AEROPUERTO T1 T2 T3,79,MADRID,A,Avda de la Hispanidad N SN,1434.89,43.29
425,8,1,BARAJAS,79,MADRID,A,Cmno  Viejo de Hortaleza N 10,1430.526,43.29
426,8,2,BARAJAS,79,MADRID,A,Cmno  Viejo de Hortaleza N 10,2088.516,43.29
427,5,1,EUGENIA DE MONTIJO,79,MADRID,A,Calle de Ocaña N 86,589.297,23.38
428,5,2,EUGENIA DE MONTIJO,79,MADRID,A,Calle de Ocaña N 86,923.604,23.38
429,1,1,PORTAZGO,79,MADRID,A,Avda de la Albufera N 131,579.104597017921,22.96
430,1,2,PORTAZGO,79,MADRID,A,Avda de la Albufera N 131,560.578807090878,22.96
431,3,1,ARGÜELLES,79,MADRID,A,Calle de Alberto Aguilera N 72,459.764248973149,24.99
432,3,2,ARGÜELLES,79,MADRID,A,Calle de Alberto Aguilera N 72,626.814230740029,24.99
433,4,1,AVENIDA DE LA PAZ,79,MADRID,A,Avda de Ramón y Cajal N 107,636.081,22.42
434,4,2,AVENIDA DE LA PAZ,79,MADRID,A,Avda de Ramón y Cajal N 107,756.615,22.42
435,5,1,DIEGO DE LEON,79,MADRID,A,Calle de Juan Bravo N 58,874.875,23.38
436,5,2,DIEGO DE LEON,79,MADRID,A,Calle de Juan Bravo N 58,669.789,23.38
437,5,1,CALLAO,79,MADRID,A,Plaza del Callao N 3,342.86,23.38
438,5,2,CALLAO,79,MADRID,A,Plaza del Callao N 3,503.235,23.38
439,6-1,1,SAINZ DE BARANDA,79,MADRID,A,Calle del Doctor Esquerdo N 103,829.986,25.65
440,6-2,1,SAINZ DE BARANDA,79,MADRID,A,Calle del Doctor Esquerdo N 103,760.218,25.57
441,6-1,1,CIUDAD UNIVERSITARIA,79,MADRID,A,Avda  Complutense N 1,684.284,25.65
442,6-2,1,CIUDAD UNIVERSITARIA,79,MADRID,A,Avda  Complutense N 1,1309.177,25.57
443,7a,1,ALONSO CANO,79,MADRID,A,Calle de José Abascal N 18,624.335,27.77
444,7a,2,ALONSO CANO,79,MADRID,A,Calle de José Abascal N 18,479.918,27.77
445,9A,1,NUÑEZ DE BALBOA,79,MADRID,A,Plaza del Marqués de Salamanca N 9,728.078,26.81
446,9A,2,NUÑEZ DE BALBOA,79,MADRID,A,Plaza del Marqués de Salamanca N 9,825.708,26.81
447,10a,1,PLAZA DE CASTILLA,79,MADRID,A,Paseo de la Castellana N 216,840.409633712516,31.12
448,10a,2,PLAZA DE CASTILLA,79,MADRID,A,Paseo de la Castellana N 216,918.812,31.12
449,7a,1,GARCIA NOBLEJAS,79,MADRID,A,Calle de Luis del Campo N 1,809.035,27.77
450,7a,2,GARCIA NOBLEJAS,79,MADRID,A,Calle de Luis del Campo N 1,780.644,27.77
451,7a,1,BARRIO DE LA CONCEPCION,79,MADRID,A,Calle de Martínez Villergas N 1,976.707,27.77
452,7a,2,BARRIO DE LA CONCEPCION,79,MADRID,A,Calle de Martínez Villergas N 1,919.932,27.77
453,7a,1,GREGORIO MARAÑON,79,MADRID,A,Calle de José Abascal N 65,1100.617,27.77
454,7a,2,GREGORIO MARAÑON,79,MADRID,A,Calle de José Abascal N 65,624.625,27.77
455,8,1,MAR DE CRISTAL,79,MADRID,A,Gta de Mar de Cristal N 1,912.945,43.29
456,8,2,MAR DE CRISTAL,79,MADRID,A,Gta de Mar de Cristal N 1,2220.128,43.29
457,5,1,ALUCHE,79,MADRID,A,Calle de Valmojado N 293,933.505,23.38
458,5,2,ALUCHE,79,MADRID,A,Calle de Valmojado N 293,675.907,23.38
459,5,1,LA LATINA,79,MADRID,A,Calle de San Millán N 5,754.561,23.38
460,5,2,LA LATINA,79,MADRID,A,Calle de San Millán N 5,600.524,23.38
461,5,1,ACACIAS,79,MADRID,A,Paseo de las Acacias N 20,888.667,23.38
462,5,2,ACACIAS,79,MADRID,A,Paseo de las Acacias N 20,555.009,23.38
463,6-1,1,OPORTO,79,MADRID,A,Gta del Valle de Oro N 2,894.247,25.65
464,6-2,1,OPORTO,79,MADRID,A,Gta del Valle de Oro N 2,765.195,25.57
465,6-1,1,USERA,79,MADRID,A,Calle de Amparo Usera N 44,958.909,25.65
466,6-2,1,USERA,79,MADRID,A,Calle de Amparo Usera N 44,988.769,25.57
467,7a,1,AVDA. DE LA ILUSTRACION,79,MADRID,A,Calle de las Islas Cíes N 23,549.275,27.77
468,7a,2,AVDA. DE LA ILUSTRACION,79,MADRID,A,Calle de las Islas Cíes N 23,678.63,27.77
469,8,1,COLOMBIA,79,MADRID,A,Calle del Príncipe de Vergara N 258,2216.288,43.29
470,8,2,COLOMBIA,79,MADRID,A,Calle del Príncipe de Vergara N 258,2872.835,43.29
471,7a,1,VALDEZARZA,79,MADRID,A,Calle de San Restituto N 70,1201.128,27.77
472,7a,2,VALDEZARZA,79,MADRID,A,Calle de San Restituto N 70,874.341,27.77
473,8,1,NUEVOS MINISTERIOS,79,MADRID,A,Paseo de la Castellana N 65,0,0
474,8,2,NUEVOS MINISTERIOS,79,MADRID,A,Paseo de la Castellana N 65,2209.32,43.29
475,5,1,EMPALME,79,MADRID,A,Calle de Tembleque N 105,675.791,23.38
476,5,2,EMPALME,79,MADRID,A,Calle de Tembleque N 105,443.781715471665,23.38
477,5,1,CAMPAMENTO,79,MADRID,A,Avda del Padre Piquer N 7,445.038,23.38
478,5,2,CAMPAMENTO,79,MADRID,A,Avda del Padre Piquer N 7,1218.384,23.38
479,5,1,CASA DE CAMPO,79,MADRID,A,Ctra del Zoo N 1,1222.688,23.38
480,5,2,CASA DE CAMPO,79,MADRID,A,Ctra del Zoo N 1,0,0
481,10a,1,CUATRO VIENTOS,79,MADRID,A,Col   Militar de Cuatro Vientos N 6B,1160.6965001513,31.12
482,10a,2,CUATRO VIENTOS,79,MADRID,A,Col   Militar de Cuatro Vientos N 6B,3285.825,31.12
483,1,1,VALDECARROS,79,MADRID,A,Avda del Ensanche de Vallecas N 120A,841.767764235967,22.96
484,1,2,VALDECARROS,79,MADRID,A,Avda del Ensanche de Vallecas N 120A,0,0
485,8,1,PINAR DEL REY,79,MADRID,A,Avda de la Gran Vía de Hortaleza N 47,2871.017,43.29
486,8,2,PINAR DEL REY,79,MADRID,A,Avda de la Gran Vía de Hortaleza N 47,911.096,43.29
487,1,2,BAMBU,79,MADRID,A,Calle del Bambú N 14,770.2919,22.96
488,1,1,BAMBU,79,MADRID,A,Calle del Bambú N 14,1061.40368889086,22.96
489,1,2,PINAR DE CHAMARTIN,79,MADRID,A,Calle de Arturo Soria N 330,1073.59349498377,22.96
490,1,1,PINAR DE CHAMARTIN,79,MADRID,A,Calle de Arturo Soria N 330,0,0
491,2,1,LA ELIPA,79,MADRID,A,Avda del Marqués de Corbera N 58,1155.7413,24.22
492,2,2,LA ELIPA,79,MADRID,A,Avda del Marqués de Corbera N 58,1282.211,24.22
493,4,1,HORTALEZA,79,MADRID,A,Calle del Capitán Cortés BLQ 4,777.265731323808,22.42
494,4,2,HORTALEZA,79,MADRID,A,Calle del Capitán Cortés BLQ 4,928.554250763727,22.42
495,4,1,MANOTERAS,79,MADRID,A,Calle de Bacares N 24,933.000007571617,22.42
496,4,2,MANOTERAS,79,MADRID,A,Calle de Bacares N 24,506.130162942413,22.42
497,4,1,PINAR DE CHAMARTIN,79,MADRID,A,Calle de Arturo Soria N 330,505.839937485183,22.42
498,4,2,PINAR DE CHAMARTIN,79,MADRID,A,Calle de Arturo Soria N 330,0,0
499,7a,1,ESTADIO OLIMPICO,79,MADRID,A,Avda de Arcentales N 28,0,0
500,7a,2,ESTADIO OLIMPICO,79,MADRID,A,Avda de Arcentales N 28,1067.5647,27.77
501,7b,1,ESTADIO OLIMPICO,79,MADRID,A,Avda de Arcentales N 28,2964.9735,33.38
502,7b,2,ESTADIO OLIMPICO,79,MADRID,A,Avda de Arcentales N 28,0,0
503,10a,1,TRES OLIVOS,79,MADRID,A,Acces   M-607 SN SN,0,0
504,10a,2,TRES OLIVOS,79,MADRID,A,Acces   M-607 SN SN,775.982854743205,31.12
505,10b,1,TRES OLIVOS,79,MADRID,A,Acces   M-607 SN SN,585.909661227336,37.18
506,10b,2,TRES OLIVOS,79,MADRID,A,Acces   M-607 SN SN,0,0
507,10b,1,MONTECARMELO,79,MADRID,A,Avda de Monasterio de Silos N 63A,3081.81098261633,37.18
508,10b,2,MONTECARMELO,79,MADRID,A,Avda de Monasterio de Silos N 63A,578.503221119685,37.18
509,10b,1,LAS TABLAS,79,MADRID,A,Calle de Palas de Rey N 30,963.718593705577,37.18
510,10b,2,LAS TABLAS,79,MADRID,A,Calle de Palas de Rey N 30,3088.49036527692,37.18
511,10b,1,RONDA DE LA COMUNICACION,79,MADRID,A,Ronda de la Comunicación N 22,1498.27975513436,37.18
512,10b,2,RONDA DE LA COMUNICACION,79,MADRID,A,Ronda de la Comunicación N 22,960.563447411493,37.18
513,10a,1,AVIACION ESPAÑOLA,79,MADRID,A,Paseo de Extremadura N 463,1722.89144784398,31.12
514,10a,2,AVIACION ESPAÑOLA,79,MADRID,A,Paseo de Extremadura N 463,1165.246,31.12
515,8,1,AEROPUERTO T4,79,MADRID,A,Ctra de Alcobendas a Barajas SN SN,2090.505,43.29
516,8,2,AEROPUERTO T4,79,MADRID,A,Ctra de Alcobendas a Barajas SN SN,0,0
517,1,2,CHAMARTIN,79,MADRID,A,Calle de Agustín de Foxá N 40,1202.6298,22.96
518,1,1,CHAMARTIN,79,MADRID,A,Calle de Agustín de Foxá N 40,782.3669,22.96
519,5,1,ALAMEDA DE OSUNA,79,MADRID,A,Calle de la Corbeta N 14,0,0
520,5,2,ALAMEDA DE OSUNA,79,MADRID,A,Calle de la Corbeta N 14,735.7284,23.38
521,5,1,EL CAPRICHO,79,MADRID,A,Calle de Pinos de Osuna N 15,736.7145,23.38
522,5,2,EL CAPRICHO,79,MADRID,A,Calle de Pinos de Osuna N 15,1421.3281,23.38
523,11,1,SAN FRANCISCO,79,MADRID,A,Avda de los Poblados N 102,588.626,26.52
524,11,2,SAN FRANCISCO,79,MADRID,A,Avda de los Poblados N 102,1200.182,26.52
525,11,1,CARABANCHEL ALTO,79,MADRID,A,Avda de Carabanchel Alto N 40,1195.689,26.52
526,11,2,CARABANCHEL ALTO,79,MADRID,A,Avda de Carabanchel Alto N 40,946.331,26.52
527,11,2,LA PESETA,79,MADRID,A,Calle de Salvador Allende N 3,2346.2778,26.52
528,11,1,LA PESETA,79,MADRID,A,Calle de Salvador Allende N 3,944.833,26.52
529,3,1,ALMENDRALES,79,MADRID,A,Avda de Córdoba N 21,1040.756,24.99
530,3,2,ALMENDRALES,79,MADRID,A,Avda de Córdoba N 21,1063.577,24.99
531,3,1,HOSPITAL 12 DE OCTUBRE,79,MADRID,A,Avda de Córdoba N 49,607.3871,24.99
532,3,2,HOSPITAL 12 DE OCTUBRE,79,MADRID,A,Avda de Córdoba N 49,1042.2132,24.99
533,3,1,SAN FERMIN-ORCASUR,79,MADRID,A,Avda de Andalucía N 9,1137.5782,24.99
534,3,2,SAN FERMIN-ORCASUR,79,MADRID,A,Avda de Andalucía N 9,607.7765,24.99
535,3,1,CIUDAD DE LOS ANGELES,79,MADRID,A,Avda de Andalucía N 38,986.936,24.99
536,3,2,CIUDAD DE LOS ANGELES,79,MADRID,A,Avda de Andalucía N 38,1137.7585,24.99
537,3,1,VILLAVERDE BAJO CRUCE,79,MADRID,A,Avda de Andalucía N 38,1065.9677,24.99
538,3,2,VILLAVERDE BAJO CRUCE,79,MADRID,A,Avda de Andalucía N 38,987.2111,24.99
539,3,1,SAN CRISTOBAL,79,MADRID,A,Avda de Andalucía N 81,1632.3119,24.99
540,3,2,SAN CRISTOBAL,79,MADRID,A,Avda de Andalucía N 81,1068.8748,24.99
541,3,1,VILLAVERDE ALTO,79,MADRID,A,Calle del Valle de Tobalina N 56,0,0
542,3,2,VILLAVERDE ALTO,79,MADRID,A,Calle del Valle de Tobalina N 56,1637.5771,24.99
543,1,1,LA GAVIA,79,MADRID,A,Avda del Ensanche de Vallecas N 16,590.123126953579,22.96
544,1,2,LA GAVIA,79,MADRID,A,Avda del Ensanche de Vallecas N 16,1302.96738936887,22.96
545,1,1,LAS SUERTES,79,MADRID,A,Calle de Cañada del Santísimo N 45,1312.56438014,22.96
546,1,2,LAS SUERTES,79,MADRID,A,Calle de Cañada del Santísimo N 45,844.348636882582,22.96
547,6-1,1,ARGANZUELA-PLANETARIO,79,MADRID,A,Calle del Bronce N 1A,547.451,25.65
548,6-2,1,ARGANZUELA-PLANETARIO,79,MADRID,A,Calle del Bronce N 1A,900.927,25.57
549,2,2,LA ALMUDENA,79,MADRID,A,Calle de Arriaga N 75,1152.519,24.22
550,2,1,LA ALMUDENA,79,MADRID,A,Calle de Arriaga N 75,1381.1225,24.22
551,2,1,ALSACIA,79,MADRID,A,Plaza de Alsacia N S/N,1088.4661,24.22
552,2,2,ALSACIA,79,MADRID,A,Plaza de Alsacia N S/N,1376.0374,24.22
553,2,2,AVENIDA DE GUADALAJARA,79,MADRID,A,Avda de Guadalajara N 110,1088.5085,24.22
554,2,1,AVENIDA DE GUADALAJARA,79,MADRID,A,Avda de Guadalajara N 110,900.095,24.22
555,2,2,LAS ROSAS,79,MADRID,A,Paseo de Ginebra N 35,909.1055,24.22
556,2,1,LAS ROSAS,79,MADRID,A,Paseo de Ginebra N 35,0,0
557,9A,1,MIRASIERRA,79,MADRID,A,Avda del Ventisquero de la Condesa N 28,1450.0727,26.81
558,9A,2,MIRASIERRA,79,MADRID,A,Avda del Ventisquero de la Condesa N 28,1212.7404,26.81
559,9A,1,PACO DE LUCIA,79,MADRID,A,Calle de Monasterio de Las Huelgas N 5,0,26.81
560,9A,2,PACO DE LUCIA,79,MADRID,A,Calle de Monasterio de Las Huelgas N 5,1456.6996,26.81
561,12-1,1,HOSPITAL DE MOSTOLES,92,MOSTOLES,B2,Calle del Río Sella N 10,1031.324,40.53
562,12-2,1,HOSPITAL DE MOSTOLES,92,MOSTOLES,B2,Calle del Río Sella N 10,1608.336,40.59
563,12-1,1,MANUELA MALASAÑA,92,MOSTOLES,B2,Plaza   Sol de 9001 SN SN,1598.815,40.53
564,12-2,1,MANUELA MALASAÑA,92,MOSTOLES,B2,Plaza   Sol de 9001 SN SN,2903.303,40.59
565,12-1,1,UNIVERSIDAD REY JUAN CARLOS,92,MOSTOLES,B2,Calle   Tulipán N 2,2607.765,40.53
566,12-2,1,UNIVERSIDAD REY JUAN CARLOS,92,MOSTOLES,B2,Calle   Tulipán N 2,1307.271,40.59
567,12-1,1,MOSTOLES CENTRAL,92,MOSTOLES,B2,Paseo de la Estación N 13,1306.587,40.53
568,12-2,1,MOSTOLES CENTRAL,92,MOSTOLES,B2,Paseo de la Estación N 13,694.403,40.59
569,12-2,1,PRADILLO,92,MOSTOLES,B2,Calle de Agustina de Aragón N 23,1032.144,40.59
570,12-1,1,PRADILLO,92,MOSTOLES,B2,Calle de Agustina de Aragón N 23,698.708,40.53
571,9B,1,RIVAS URBANIZACIONES,123,RIVAS-VACIAMADRID,B1,Plaza de Galicia N 5,5749.903,54.34
572,9B,2,RIVAS URBANIZACIONES,123,RIVAS-VACIAMADRID,B1,Plaza de Galicia N 5,3613.233,54.34
573,9B,1,RIVAS VACIAMADRID,123,RIVAS-VACIAMADRID,B2,Calle   Areneros N 6,1521.842,54.34
574,9B,2,RIVAS VACIAMADRID,123,RIVAS-VACIAMADRID,B2,Calle   Areneros N 6,4377.886,54.34
575,9B,2,RIVAS FUTURA,123,RIVAS-VACIAMADRID,B2,Calle   Concepción Arenal N 1,1520.461,54.34
576,9B,1,RIVAS FUTURA,123,RIVAS-VACIAMADRID,B2,Calle   Concepción Arenal N 1,3614.712,54.34
577,7b,1,SAN FERNANDO,130,SAN FERNANDO DE HENARES,B1,Calle de Gonzalo de Córdoba N 24,1073.1361,33.38
578,7b,2,SAN FERNANDO,130,SAN FERNANDO DE HENARES,B1,Calle de Gonzalo de Córdoba N 24,1107.1723,33.38
579,7b,1,JARAMA,130,SAN FERNANDO DE HENARES,B1,Plaza   Guernica N 1,921.2163,33.38
580,7b,2,JARAMA,130,SAN FERNANDO DE HENARES,B1,Plaza   Guernica N 1,1080.0464,33.38
581,7b,1,HENARES,130,SAN FERNANDO DE HENARES,B1,Avda de Algorta N 12,686.9297,33.38
582,7b,2,HENARES,130,SAN FERNANDO DE HENARES,B1,Avda de Algorta N 12,928.9609,33.38
583,10b,1,BAUNATAL,134,SAN SEBASTIAN DE LOS REYES,B1,Avda de las Lomas del Rey N 2,1085.92207768013,37.18
584,10b,2,BAUNATAL,134,SAN SEBASTIAN DE LOS REYES,B1,Avda de las Lomas del Rey N 2,1112.44786208803,37.18
585,10b,1,REYES CATOLICOS,134,SAN SEBASTIAN DE LOS REYES,B1,Avda de la Plaza de Toros N 7,1556.36005210617,37.18
586,10b,2,REYES CATOLICOS,134,SAN SEBASTIAN DE LOS REYES,B1,Avda de la Plaza de Toros N 7,1086.7442615135,37.18
587,10b,1,HOSPITAL INFANTA SOFIA,134,SAN SEBASTIAN DE LOS REYES,B1,Paseo   Europa N 11,0,0
588,10b,2,HOSPITAL INFANTA SOFIA,134,SAN SEBASTIAN DE LOS REYES,B1,Paseo   Europa N 11,1548.46471267871,37.18
